VGS_V,VDS_V,ID_A
0.00,0.000,-0.000000e+00
0.00,0.010,7.975929e-12
0.00,0.020,1.457065e-11
0.00,0.030,1.986965e-11
0.00,0.040,2.411129e-11
0.00,0.050,2.761860e-11
0.00,0.060,3.069692e-11
0.00,0.070,3.357212e-11
0.00,0.080,3.638988e-11
0.00,0.090,3.924029e-11
0.00,0.100,4.218050e-11
0.00,0.110,4.524935e-11
0.00,0.120,4.847567e-11
0.00,0.130,5.188287e-11
0.00,0.140,5.549150e-11
0.00,0.150,5.932075e-11
0.00,0.160,6.338933e-11
0.00,0.170,6.771602e-11
0.00,0.180,7.232005e-11
0.00,0.190,7.722139e-11
0.00,0.200,8.244091e-11
0.00,0.210,8.800058e-11
0.00,0.220,9.392361e-11
0.00,0.230,1.002346e-10
0.00,0.240,1.069595e-10
0.00,0.250,1.141260e-10
0.00,0.260,1.217636e-10
0.00,0.270,1.299036e-10
0.00,0.280,1.385791e-10
0.00,0.290,1.478256e-10
0.00,0.300,1.576808e-10
0.00,0.310,1.681848e-10
0.00,0.320,1.793804e-10
0.00,0.330,1.913131e-10
0.00,0.340,2.040315e-10
0.00,0.350,2.175872e-10
0.00,0.360,2.320352e-10
0.00,0.370,2.474345e-10
0.00,0.380,2.638474e-10
0.00,0.390,2.813410e-10
0.00,0.400,2.999863e-10
0.00,0.410,3.198595e-10
0.00,0.420,3.410416e-10
0.00,0.430,3.636193e-10
0.00,0.440,3.876851e-10
0.00,0.450,4.133378e-10
0.00,0.460,4.406831e-10
0.00,0.470,4.698338e-10
0.00,0.480,5.009106e-10
0.00,0.490,5.340427e-10
0.00,0.500,5.693683e-10
0.00,0.510,6.070352e-10
0.00,0.520,6.472017e-10
0.00,0.530,6.900375e-10
0.00,0.540,7.357243e-10
0.00,0.550,7.844567e-10
0.00,0.560,8.364434e-10
0.00,0.570,8.919084e-10
0.00,0.580,9.510916e-10
0.00,0.590,1.014251e-09
0.00,0.600,1.081662e-09
0.00,0.610,1.153622e-09
0.00,0.620,1.230451e-09
0.00,0.630,1.312489e-09
0.00,0.640,1.400104e-09
0.00,0.650,1.493693e-09
0.00,0.660,1.593678e-09
0.00,0.670,1.700517e-09
0.00,0.680,1.814700e-09
0.00,0.690,1.936754e-09
0.00,0.700,2.067248e-09
0.00,0.710,2.206790e-09
0.00,0.720,2.356038e-09
0.00,0.730,2.515698e-09
0.00,0.740,2.686529e-09
0.00,0.750,2.869350e-09
0.00,0.760,3.065040e-09
0.00,0.770,3.274547e-09
0.00,0.780,3.498889e-09
0.00,0.790,3.739164e-09
0.00,0.800,3.996554e-09
0.10,0.000,-1.220572e-14
0.10,0.010,1.060001e-10
0.10,0.020,1.935442e-10
0.10,0.030,2.637720e-10
0.10,0.040,3.198690e-10
0.10,0.050,3.661425e-10
0.10,0.060,4.066598e-10
0.10,0.070,4.444259e-10
0.10,0.080,4.813766e-10
0.10,0.090,5.187059e-10
0.10,0.100,5.571692e-10
0.10,0.110,5.972769e-10
0.10,0.120,6.394059e-10
0.10,0.130,6.838598e-10
0.10,0.140,7.309038e-10
0.10,0.150,7.807840e-10
0.10,0.160,8.337391e-10
0.10,0.170,8.900077e-10
0.10,0.180,9.498337e-10
0.10,0.190,1.013469e-09
0.10,0.200,1.081176e-09
0.10,0.210,1.153232e-09
0.10,0.220,1.229927e-09
0.10,0.230,1.311567e-09
0.10,0.240,1.398479e-09
0.10,0.250,1.491006e-09
0.10,0.260,1.589513e-09
0.10,0.270,1.694388e-09
0.10,0.280,1.806042e-09
0.10,0.290,1.924910e-09
0.10,0.300,2.051457e-09
0.10,0.310,2.186175e-09
0.10,0.320,2.329586e-09
0.10,0.330,2.482246e-09
0.10,0.340,2.644745e-09
0.10,0.350,2.817710e-09
0.10,0.360,3.001808e-09
0.10,0.370,3.197746e-09
0.10,0.380,3.406278e-09
0.10,0.390,3.628204e-09
0.10,0.400,3.864377e-09
0.10,0.410,4.115700e-09
0.10,0.420,4.383139e-09
0.10,0.430,4.667718e-09
0.10,0.440,4.970528e-09
0.10,0.450,5.292731e-09
0.10,0.460,5.635566e-09
0.10,0.470,6.000348e-09
0.10,0.480,6.388484e-09
0.10,0.490,6.801469e-09
0.10,0.500,7.240898e-09
0.10,0.510,7.708473e-09
0.10,0.520,8.206007e-09
0.10,0.530,8.735438e-09
0.10,0.540,9.298828e-09
0.10,0.550,9.898384e-09
0.10,0.560,1.053646e-08
0.10,0.570,1.121556e-08
0.10,0.580,1.193839e-08
0.10,0.590,1.270779e-08
0.10,0.600,1.352684e-08
0.10,0.610,1.439881e-08
0.10,0.620,1.532719e-08
0.10,0.630,1.631573e-08
0.10,0.640,1.736843e-08
0.10,0.650,1.848956e-08
0.10,0.660,1.968368e-08
0.10,0.670,2.095570e-08
0.10,0.680,2.231082e-08
0.10,0.690,2.375466e-08
0.10,0.700,2.529318e-08
0.10,0.710,2.693278e-08
0.10,0.720,2.868030e-08
0.10,0.730,3.054306e-08
0.10,0.740,3.252889e-08
0.10,0.750,3.464615e-08
0.10,0.760,3.690380e-08
0.10,0.770,3.931141e-08
0.10,0.780,4.187922e-08
0.10,0.790,4.461816e-08
0.10,0.800,4.753995e-08
0.20,0.000,-1.540905e-14
0.20,0.010,1.362591e-09
0.20,0.020,2.484965e-09
0.20,0.030,3.382598e-09
0.20,0.040,4.096863e-09
0.20,0.050,4.683300e-09
0.20,0.060,5.194208e-09
0.20,0.070,5.668159e-09
0.20,0.080,6.129925e-09
0.20,0.090,6.594705e-09
0.20,0.100,7.072019e-09
0.20,0.110,7.568216e-09
0.20,0.120,8.087896e-09
0.20,0.130,8.634695e-09
0.20,0.140,9.211723e-09
0.20,0.150,9.821814e-09
0.20,0.160,1.046768e-08
0.20,0.170,1.115198e-08
0.20,0.180,1.187743e-08
0.20,0.190,1.264678e-08
0.20,0.200,1.346289e-08
0.20,0.210,1.432873e-08
0.20,0.220,1.524742e-08
0.20,0.230,1.622221e-08
0.20,0.240,1.725653e-08
0.20,0.250,1.835397e-08
0.20,0.260,1.951834e-08
0.20,0.270,2.075363e-08
0.20,0.280,2.206404e-08
0.20,0.290,2.345402e-08
0.20,0.300,2.492824e-08
0.20,0.310,2.649163e-08
0.20,0.320,2.814939e-08
0.20,0.330,2.990700e-08
0.20,0.340,3.177023e-08
0.20,0.350,3.374518e-08
0.20,0.360,3.583826e-08
0.20,0.370,3.805624e-08
0.20,0.380,4.040626e-08
0.20,0.390,4.289584e-08
0.20,0.400,4.553292e-08
0.20,0.410,4.832586e-08
0.20,0.420,5.128348e-08
0.20,0.430,5.441510e-08
0.20,0.440,5.773053e-08
0.20,0.450,6.124014e-08
0.20,0.460,6.495487e-08
0.20,0.470,6.888625e-08
0.20,0.480,7.304648e-08
0.20,0.490,7.744842e-08
0.20,0.500,8.210566e-08
0.20,0.510,8.703255e-08
0.20,0.520,9.224425e-08
0.20,0.530,9.775679e-08
0.20,0.540,1.035871e-07
0.20,0.550,1.097530e-07
0.20,0.560,1.162736e-07
0.20,0.570,1.231686e-07
0.20,0.580,1.304594e-07
0.20,0.590,1.381681e-07
0.20,0.600,1.463185e-07
0.20,0.610,1.549355e-07
0.20,0.620,1.640455e-07
0.20,0.630,1.736763e-07
0.20,0.640,1.838576e-07
0.20,0.650,1.946205e-07
0.20,0.660,2.059980e-07
0.20,0.670,2.180248e-07
0.20,0.680,2.307379e-07
0.20,0.690,2.441760e-07
0.20,0.700,2.583804e-07
0.20,0.710,2.733943e-07
0.20,0.720,2.892636e-07
0.20,0.730,3.060367e-07
0.20,0.740,3.237645e-07
0.20,0.750,3.425008e-07
0.20,0.760,3.623025e-07
0.20,0.770,3.832292e-07
0.20,0.780,4.053441e-07
0.20,0.790,4.287135e-07
0.20,0.800,4.534072e-07
0.30,0.000,-9.707583e-14
0.30,0.010,1.560089e-08
0.30,0.020,2.841283e-08
0.30,0.030,3.862371e-08
0.30,0.040,4.669940e-08
0.30,0.050,5.326152e-08
0.30,0.060,5.890110e-08
0.30,0.070,6.405922e-08
0.30,0.080,6.902090e-08
0.30,0.090,7.396030e-08
0.30,0.100,7.898472e-08
0.30,0.110,8.416356e-08
0.30,0.120,8.954494e-08
0.30,0.130,9.516501e-08
0.30,0.140,1.010530e-07
0.30,0.150,1.072344e-07
0.30,0.160,1.137323e-07
0.30,0.170,1.205688e-07
0.30,0.180,1.277653e-07
0.30,0.190,1.353433e-07
0.30,0.200,1.433245e-07
0.30,0.210,1.517310e-07
0.30,0.220,1.605855e-07
0.30,0.230,1.699112e-07
0.30,0.240,1.797323e-07
0.30,0.250,1.900737e-07
0.30,0.260,2.009611e-07
0.30,0.270,2.124215e-07
0.30,0.280,2.244824e-07
0.30,0.290,2.371727e-07
0.30,0.300,2.505222e-07
0.30,0.310,2.645618e-07
0.30,0.320,2.793235e-07
0.30,0.330,2.948406e-07
0.30,0.340,3.111475e-07
0.30,0.350,3.282798e-07
0.30,0.360,3.462744e-07
0.30,0.370,3.651694e-07
0.30,0.380,3.850045e-07
0.30,0.390,4.058205e-07
0.30,0.400,4.276597e-07
0.30,0.410,4.505658e-07
0.30,0.420,4.745839e-07
0.30,0.430,4.997609e-07
0.30,0.440,5.261450e-07
0.30,0.450,5.537861e-07
0.30,0.460,5.827358e-07
0.30,0.470,6.130471e-07
0.30,0.480,6.447752e-07
0.30,0.490,6.779767e-07
0.30,0.500,7.127103e-07
0.30,0.510,7.490364e-07
0.30,0.520,7.870173e-07
0.30,0.530,8.267176e-07
0.30,0.540,8.682035e-07
0.30,0.550,9.115436e-07
0.30,0.560,9.568084e-07
0.30,0.570,1.004071e-06
0.30,0.580,1.053406e-06
0.30,0.590,1.104891e-06
0.30,0.600,1.158605e-06
0.30,0.610,1.214631e-06
0.30,0.620,1.273053e-06
0.30,0.630,1.333957e-06
0.30,0.640,1.397434e-06
0.30,0.650,1.463574e-06
0.30,0.660,1.532473e-06
0.30,0.670,1.604228e-06
0.30,0.680,1.678938e-06
0.30,0.690,1.756705e-06
0.30,0.700,1.837636e-06
0.30,0.710,1.921838e-06
0.30,0.720,2.009422e-06
0.30,0.730,2.100502e-06
0.30,0.740,2.195193e-06
0.30,0.750,2.293616e-06
0.30,0.760,2.395892e-06
0.30,0.770,2.502147e-06
0.30,0.780,2.612509e-06
0.30,0.790,2.727109e-06
0.30,0.800,2.846081e-06
0.40,0.000,-2.724136e-13
0.40,0.010,1.296584e-07
0.40,0.020,2.385898e-07
0.40,0.030,3.278474e-07
0.40,0.040,4.000135e-07
0.40,0.050,4.588317e-07
0.40,0.060,5.083874e-07
0.40,0.070,5.522150e-07
0.40,0.080,5.928916e-07
0.40,0.090,6.321154e-07
0.40,0.100,6.709614e-07
0.40,0.110,7.101124e-07
0.40,0.120,7.500148e-07
0.40,0.130,7.909742e-07
0.40,0.140,8.332104e-07
0.40,0.150,8.768909e-07
0.40,0.160,9.221495e-07
0.40,0.170,9.690983e-07
0.40,0.180,1.017835e-06
0.40,0.190,1.068447e-06
0.40,0.200,1.121016e-06
0.40,0.210,1.175617e-06
0.40,0.220,1.232322e-06
0.40,0.230,1.291200e-06
0.40,0.240,1.352318e-06
0.40,0.250,1.415740e-06
0.40,0.260,1.481529e-06
0.40,0.270,1.549748e-06
0.40,0.280,1.620454e-06
0.40,0.290,1.693707e-06
0.40,0.300,1.769563e-06
0.40,0.310,1.848077e-06
0.40,0.320,1.929302e-06
0.40,0.330,2.013290e-06
0.40,0.340,2.100090e-06
0.40,0.350,2.189752e-06
0.40,0.360,2.282320e-06
0.40,0.370,2.377841e-06
0.40,0.380,2.476355e-06
0.40,0.390,2.577904e-06
0.40,0.400,2.682526e-06
0.40,0.410,2.790259e-06
0.40,0.420,2.901138e-06
0.40,0.430,3.015196e-06
0.40,0.440,3.132464e-06
0.40,0.450,3.252974e-06
0.40,0.460,3.376754e-06
0.40,0.470,3.503832e-06
0.40,0.480,3.634234e-06
0.40,0.490,3.767986e-06
0.40,0.500,3.905113e-06
0.40,0.510,4.045640e-06
0.40,0.520,4.189591e-06
0.40,0.530,4.336989e-06
0.40,0.540,4.487859e-06
0.40,0.550,4.642225e-06
0.40,0.560,4.800113e-06
0.40,0.570,4.961548e-06
0.40,0.580,5.126559e-06
0.40,0.590,5.295173e-06
0.40,0.600,5.467421e-06
0.40,0.610,5.643335e-06
0.40,0.620,5.822949e-06
0.40,0.630,6.006300e-06
0.40,0.640,6.193428e-06
0.40,0.650,6.384374e-06
0.40,0.660,6.579184e-06
0.40,0.670,6.777906e-06
0.40,0.680,6.980592e-06
0.40,0.690,7.187298e-06
0.40,0.700,7.398085e-06
0.40,0.710,7.613014e-06
0.40,0.720,7.832155e-06
0.40,0.730,8.055579e-06
0.40,0.740,8.283364e-06
0.40,0.750,8.515590e-06
0.40,0.760,8.752344e-06
0.40,0.770,8.993716e-06
0.40,0.780,9.239803e-06
0.40,0.790,9.490704e-06
0.40,0.800,9.746527e-06
0.50,0.000,-6.603582e-13
0.50,0.010,5.608046e-07
0.50,0.020,1.067200e-06
0.50,0.030,1.519626e-06
0.50,0.040,1.919929e-06
0.50,0.050,2.271259e-06
0.50,0.060,2.578253e-06
0.50,0.070,2.847018e-06
0.50,0.080,3.084667e-06
0.50,0.090,3.298474e-06
0.50,0.100,3.495019e-06
0.50,0.110,3.679689e-06
0.50,0.120,3.856588e-06
0.50,0.130,4.028705e-06
0.50,0.140,4.198172e-06
0.50,0.150,4.366492e-06
0.50,0.160,4.534732e-06
0.50,0.170,4.703652e-06
0.50,0.180,4.873799e-06
0.50,0.190,5.045573e-06
0.50,0.200,5.219263e-06
0.50,0.210,5.395086e-06
0.50,0.220,5.573199e-06
0.50,0.230,5.753720e-06
0.50,0.240,5.936733e-06
0.50,0.250,6.122299e-06
0.50,0.260,6.310460e-06
0.50,0.270,6.501242e-06
0.50,0.280,6.694660e-06
0.50,0.290,6.890718e-06
0.50,0.300,7.089413e-06
0.50,0.310,7.290736e-06
0.50,0.320,7.494671e-06
0.50,0.330,7.701199e-06
0.50,0.340,7.910295e-06
0.50,0.350,8.121932e-06
0.50,0.360,8.336082e-06
0.50,0.370,8.552711e-06
0.50,0.380,8.771787e-06
0.50,0.390,8.993274e-06
0.50,0.400,9.217136e-06
0.50,0.410,9.443338e-06
0.50,0.420,9.671841e-06
0.50,0.430,9.902610e-06
0.50,0.440,1.013561e-05
0.50,0.450,1.037080e-05
0.50,0.460,1.060815e-05
0.50,0.470,1.084763e-05
0.50,0.480,1.108921e-05
0.50,0.490,1.133285e-05
0.50,0.500,1.157854e-05
0.50,0.510,1.182625e-05
0.50,0.520,1.207597e-05
0.50,0.530,1.232767e-05
0.50,0.540,1.258135e-05
0.50,0.550,1.283699e-05
0.50,0.560,1.309461e-05
0.50,0.570,1.335420e-05
0.50,0.580,1.361577e-05
0.50,0.590,1.387933e-05
0.50,0.600,1.414491e-05
0.50,0.610,1.441253e-05
0.50,0.620,1.468222e-05
0.50,0.630,1.495403e-05
0.50,0.640,1.522799e-05
0.50,0.650,1.550417e-05
0.50,0.660,1.578261e-05
0.50,0.670,1.606339e-05
0.50,0.680,1.634659e-05
0.50,0.690,1.663227e-05
0.50,0.700,1.692053e-05
0.50,0.710,1.721147e-05
0.50,0.720,1.750518e-05
0.50,0.730,1.780177e-05
0.50,0.740,1.810137e-05
0.50,0.750,1.840410e-05
0.50,0.760,1.871008e-05
0.50,0.770,1.901947e-05
0.50,0.780,1.933239e-05
0.50,0.790,1.964900e-05
0.50,0.800,1.996947e-05
0.60,0.000,-1.734995e-12
0.60,0.010,1.149076e-06
0.60,0.020,2.238435e-06
0.60,0.030,3.267855e-06
0.60,0.040,4.237612e-06
0.60,0.050,5.148188e-06
0.60,0.060,6.000202e-06
0.60,0.070,6.794430e-06
0.60,0.080,7.531890e-06
0.60,0.090,8.213982e-06
0.60,0.100,8.842672e-06
0.60,0.110,9.420672e-06
0.60,0.120,9.951555e-06
0.60,0.130,1.043973e-05
0.60,0.140,1.089025e-05
0.60,0.150,1.130848e-05
0.60,0.160,1.169969e-05
0.60,0.170,1.206876e-05
0.60,0.180,1.241999e-05
0.60,0.190,1.275699e-05
0.60,0.200,1.308272e-05
0.60,0.210,1.339959e-05
0.60,0.220,1.370949e-05
0.60,0.230,1.401392e-05
0.60,0.240,1.431408e-05
0.60,0.250,1.461089e-05
0.60,0.260,1.490512e-05
0.60,0.270,1.519735e-05
0.60,0.280,1.548804e-05
0.60,0.290,1.577759e-05
0.60,0.300,1.606630e-05
0.60,0.310,1.635442e-05
0.60,0.320,1.664213e-05
0.60,0.330,1.692962e-05
0.60,0.340,1.721701e-05
0.60,0.350,1.750441e-05
0.60,0.360,1.779191e-05
0.60,0.370,1.807958e-05
0.60,0.380,1.836747e-05
0.60,0.390,1.865565e-05
0.60,0.400,1.894414e-05
0.60,0.410,1.923298e-05
0.60,0.420,1.952219e-05
0.60,0.430,1.981180e-05
0.60,0.440,2.010181e-05
0.60,0.450,2.039225e-05
0.60,0.460,2.068312e-05
0.60,0.470,2.097443e-05
0.60,0.480,2.126619e-05
0.60,0.490,2.155842e-05
0.60,0.500,2.185111e-05
0.60,0.510,2.214429e-05
0.60,0.520,2.243795e-05
0.60,0.530,2.273213e-05
0.60,0.540,2.302682e-05
0.60,0.550,2.332206e-05
0.60,0.560,2.361787e-05
0.60,0.570,2.391427e-05
0.60,0.580,2.421131e-05
0.60,0.590,2.450901e-05
0.60,0.600,2.480742e-05
0.60,0.610,2.510660e-05
0.60,0.620,2.540660e-05
0.60,0.630,2.570749e-05
0.60,0.640,2.600932e-05
0.60,0.650,2.631219e-05
0.60,0.660,2.661618e-05
0.60,0.670,2.692138e-05
0.60,0.680,2.722789e-05
0.60,0.690,2.753582e-05
0.60,0.700,2.784529e-05
0.60,0.710,2.815643e-05
0.60,0.720,2.846936e-05
0.60,0.730,2.878424e-05
0.60,0.740,2.910121e-05
0.60,0.750,2.942044e-05
0.60,0.760,2.974208e-05
0.60,0.770,3.006631e-05
0.60,0.780,3.039333e-05
0.60,0.790,3.072332e-05
0.60,0.800,3.105648e-05
0.70,0.000,-3.724202e-12
0.70,0.010,1.556216e-06
0.70,0.020,3.061279e-06
0.70,0.030,4.515036e-06
0.70,0.040,5.917535e-06
0.70,0.050,7.268908e-06
0.70,0.060,8.569302e-06
0.70,0.070,9.818846e-06
0.70,0.080,1.101764e-05
0.70,0.090,1.216572e-05
0.70,0.100,1.326310e-05
0.70,0.110,1.430974e-05
0.70,0.120,1.530559e-05
0.70,0.130,1.625063e-05
0.70,0.140,1.714493e-05
0.70,0.150,1.798876e-05
0.70,0.160,1.878267e-05
0.70,0.170,1.952767e-05
0.70,0.180,2.022528e-05
0.70,0.190,2.087767e-05
0.70,0.200,2.148762e-05
0.70,0.210,2.205847e-05
0.70,0.220,2.259394e-05
0.70,0.230,2.309794e-05
0.70,0.240,2.357437e-05
0.70,0.250,2.402694e-05
0.70,0.260,2.445904e-05
0.70,0.270,2.487371e-05
0.70,0.280,2.527359e-05
0.70,0.290,2.566094e-05
0.70,0.300,2.603769e-05
0.70,0.310,2.640545e-05
0.70,0.320,2.676557e-05
0.70,0.330,2.711919e-05
0.70,0.340,2.746726e-05
0.70,0.350,2.781057e-05
0.70,0.360,2.814978e-05
0.70,0.370,2.848547e-05
0.70,0.380,2.881809e-05
0.70,0.390,2.914805e-05
0.70,0.400,2.947570e-05
0.70,0.410,2.980132e-05
0.70,0.420,3.012516e-05
0.70,0.430,3.044745e-05
0.70,0.440,3.076835e-05
0.70,0.450,3.108804e-05
0.70,0.460,3.140666e-05
0.70,0.470,3.172432e-05
0.70,0.480,3.204113e-05
0.70,0.490,3.235719e-05
0.70,0.500,3.267259e-05
0.70,0.510,3.298739e-05
0.70,0.520,3.330167e-05
0.70,0.530,3.361550e-05
0.70,0.540,3.392892e-05
0.70,0.550,3.424199e-05
0.70,0.560,3.455477e-05
0.70,0.570,3.486732e-05
0.70,0.580,3.517967e-05
0.70,0.590,3.549189e-05
0.70,0.600,3.580404e-05
0.70,0.610,3.611617e-05
0.70,0.620,3.642834e-05
0.70,0.630,3.674061e-05
0.70,0.640,3.705307e-05
0.70,0.650,3.736579e-05
0.70,0.660,3.767885e-05
0.70,0.670,3.799234e-05
0.70,0.680,3.830636e-05
0.70,0.690,3.862101e-05
0.70,0.700,3.893641e-05
0.70,0.710,3.925269e-05
0.70,0.720,3.956997e-05
0.70,0.730,3.988839e-05
0.70,0.740,4.020811e-05
0.70,0.750,4.052928e-05
0.70,0.760,4.085208e-05
0.70,0.770,4.117668e-05
0.70,0.780,4.150328e-05
0.70,0.790,4.183206e-05
0.70,0.800,4.216325e-05
0.80,0.000,-6.966285e-12
0.80,0.010,1.796622e-06
0.80,0.020,3.550740e-06
0.80,0.030,5.262288e-06
0.80,0.040,6.931290e-06
0.80,0.050,8.557810e-06
0.80,0.060,1.014193e-05
0.80,0.070,1.168372e-05
0.80,0.080,1.318323e-05
0.80,0.090,1.464050e-05
0.80,0.100,1.605552e-05
0.80,0.110,1.742824e-05
0.80,0.120,1.875855e-05
0.80,0.130,2.004631e-05
0.80,0.140,2.129129e-05
0.80,0.150,2.249321e-05
0.80,0.160,2.365174e-05
0.80,0.170,2.476649e-05
0.80,0.180,2.583704e-05
0.80,0.190,2.686295e-05
0.80,0.200,2.784385e-05
0.80,0.210,2.877945e-05
0.80,0.220,2.966961e-05
0.80,0.230,3.051449e-05
0.80,0.240,3.131459e-05
0.80,0.250,3.207085e-05
0.80,0.260,3.278467e-05
0.80,0.270,3.345799e-05
0.80,0.280,3.409318e-05
0.80,0.290,3.469299e-05
0.80,0.300,3.526043e-05
0.80,0.310,3.579860e-05
0.80,0.320,3.631059e-05
0.80,0.330,3.679939e-05
0.80,0.340,3.726777e-05
0.80,0.350,3.771825e-05
0.80,0.360,3.815313e-05
0.80,0.370,3.857439e-05
0.80,0.380,3.898380e-05
0.80,0.390,3.938288e-05
0.80,0.400,3.977295e-05
0.80,0.410,4.015515e-05
0.80,0.420,4.053046e-05
0.80,0.430,4.089971e-05
0.80,0.440,4.126364e-05
0.80,0.450,4.162286e-05
0.80,0.460,4.197792e-05
0.80,0.470,4.232929e-05
0.80,0.480,4.267736e-05
0.80,0.490,4.302250e-05
0.80,0.500,4.336501e-05
0.80,0.510,4.370516e-05
0.80,0.520,4.404318e-05
0.80,0.530,4.437930e-05
0.80,0.540,4.471368e-05
0.80,0.550,4.504650e-05
0.80,0.560,4.537790e-05
0.80,0.570,4.570801e-05
0.80,0.580,4.603696e-05
0.80,0.590,4.636486e-05
0.80,0.600,4.669179e-05
0.80,0.610,4.701787e-05
0.80,0.620,4.734318e-05
0.80,0.630,4.766780e-05
0.80,0.640,4.799183e-05
0.80,0.650,4.831534e-05
0.80,0.660,4.863842e-05
0.80,0.670,4.896116e-05
0.80,0.680,4.928365e-05
0.80,0.690,4.960599e-05
0.80,0.700,4.992828e-05
0.80,0.710,5.025061e-05
0.80,0.720,5.057311e-05
0.80,0.730,5.089590e-05
0.80,0.740,5.121910e-05
0.80,0.750,5.154285e-05
0.80,0.760,5.186731e-05
0.80,0.770,5.219264e-05
0.80,0.780,5.251899e-05
0.80,0.790,5.284655e-05
0.80,0.800,5.317552e-05
