frequency,Vgate,Ir,Ii,Vr,Vi,C_gg
10.0,0.2,-5.637900000000001e-18,-1.891e-18,0.001,0.0,3.009619973867741e-17
11.22018,0.2,-5.637900000000001e-18,-2.1217000000000004e-18,0.001,0.0,3.009568855027945e-17
12.58925,0.2,-5.637900000000001e-18,-2.3806e-18,0.001,0.0,3.0095856188777416e-17
14.12538,0.2,-5.637900000000001e-18,-2.671e-18,0.001,0.0,3.0094967568904515e-17
15.84893,0.2,-5.637900000000001e-18,-2.997e-18,0.001,0.0,3.0095871736856073e-17
17.78279,0.2,-5.637900000000001e-18,-3.3626e-18,0.001,0.0,3.009507572438337e-17
19.95262,0.2,-5.637900000000001e-18,-3.773000000000001e-18,0.001,0.0,3.009587714724789e-17
22.38721,0.2,-5.637900000000001e-18,-4.2333000000000004e-18,0.001,0.0,3.009533660473639e-17
25.11886,0.2,-5.637900000000001e-18,-4.7499000000000004e-18,0.001,0.0,3.009571549792441e-17
28.18383,0.2,-5.637900000000001e-18,-5.3294e-18,0.001,0.0,3.0095283491063745e-17
31.62278,0.2,-5.637900000000001e-18,-5.979700000000001e-18,0.001,0.0,3.009535572794697e-17
35.48134,0.2,-5.637900000000001e-18,-6.7094e-18,0.001,0.0,3.009565521428341e-17
39.81072,0.2,-5.637900000000001e-18,-7.528e-18,0.001,0.0,3.00953715882503e-17
44.66836,0.2,-5.637900000000001e-18,-8.446600000000001e-18,0.001,0.0,3.0095533892894284e-17
50.11872,0.2,-5.637900000000001e-18,-9.4772e-18,0.001,0.0,3.009540600140048e-17
56.23413,0.2,-5.637900000000001e-18,-1.06336e-17,0.001,0.0,3.0095424306590644e-17
63.09573,0.2,-5.637900000000001e-18,-1.1931100000000001e-17,0.001,0.0,3.009543659331166e-17
70.79458,0.2,-5.637900000000001e-18,-1.3386900000000002e-17,0.001,0.0,3.009540147956093e-17
79.43282,0.2,-5.637900000000001e-18,-1.50204e-17,0.001,0.0,3.009550595355301e-17
89.12509,0.2,-5.637900000000001e-18,-1.6853200000000002e-17,0.001,0.0,3.0095566657114524e-17
100.0,0.2,-5.637900000000001e-18,-1.8909600000000003e-17,0.001,0.0,3.009556311890505e-17
112.20185,0.2,-5.637900000000001e-18,-2.12169e-17,0.001,0.0,3.009553329188809e-17
125.89254,0.2,-5.637900000000001e-18,-2.3805700000000003e-17,0.001,0.0,3.0095467362583464e-17
141.25375,0.2,-5.637900000000001e-18,-2.6710500000000003e-17,0.001,0.0,3.009554158708049e-17
158.48932,0.2,-5.637900000000001e-18,-2.99696e-17,0.001,0.0,3.009546625909473e-17
177.82794,0.2,-5.637900000000001e-18,-3.3626500000000005e-17,0.001,0.0,3.009551645191199e-17
199.52623,0.2,-5.637900000000001e-18,-3.77295e-17,0.001,0.0,3.009547379001581e-17
223.87211,0.2,-5.637900000000001e-18,-4.23332e-17,0.001,0.0,3.009547744423288e-17
251.18864,0.2,-5.637900000000001e-18,-4.74987e-17,0.001,0.0,3.0095520623221696e-17
281.83829,0.2,-5.637900000000001e-18,-5.329440000000001e-17,0.001,0.0,3.0095510440106306e-17
316.22777,0.2,-5.637900000000001e-18,-5.97973e-17,0.001,0.0,3.0095509570677465e-17
354.81339,0.2,-5.637900000000001e-18,-6.709370000000001e-17,0.001,0.0,3.0095521494622e-17
398.10717,0.2,-5.637900000000001e-18,-7.528030000000001e-17,0.001,0.0,3.009549378987776e-17
446.68359,0.2,-5.637900000000001e-18,-8.44659e-17,0.001,0.0,3.0095498936295655e-17
501.18723,0.2,-5.637900000000001e-18,-9.47723e-17,0.001,0.0,3.0095499466712336e-17
562.34133,0.2,-5.637900000000001e-18,-1.0633630000000001e-16,0.001,0.0,3.0095507607635226e-17
630.95734,0.2,-5.637900000000001e-18,-1.1931130000000002e-16,0.001,0.0,3.009551035846584e-17
707.94578,0.2,-5.637900000000001e-18,-1.3386940000000003e-16,0.001,0.0,3.0095492254712184e-17
794.32823,0.2,-5.637900000000001e-18,-1.5020400000000002e-16,0.001,0.0,3.0095504816913094e-17
891.25094,0.2,-5.637900000000001e-18,-1.685316e-16,0.001,0.0,3.0095493876490126e-17
1000.0,0.2,-5.637900000000001e-18,-1.890956e-16,0.001,0.0,3.0095499456927804e-17
1122.02,0.2,-5.637900000000001e-18,-2.1216880000000002e-16,0.001,0.0,3.009546468857572e-17
1258.93,0.2,-5.637900000000001e-18,-2.380573e-16,0.001,0.0,3.0095395323099975e-17
1412.54,0.2,-5.637900000000001e-18,-2.671046e-16,0.001,0.0,3.0095443252993525e-17
1584.8899999999999,0.2,-5.637900000000001e-18,-2.9969630000000004e-16,0.001,0.0,3.00955571499294e-17
1778.28,0.2,-5.637900000000001e-18,-3.362648e-16,0.001,0.0,3.009548839766942e-17
1995.26,0.2,-5.637900000000001e-18,-3.7729530000000004e-16,0.001,0.0,3.0095532411986205e-17
2238.72,0.2,-5.637900000000001e-18,-4.233323e-16,0.001,0.0,3.009551355929333e-17
2511.8900000000003,0.2,-5.637900000000001e-18,-4.749867000000001e-16,0.001,0.0,3.009545848261953e-17
2818.38,0.2,-5.637900000000001e-18,-5.329438e-16,0.001,0.0,3.0095530113106983e-17
3162.28,0.2,-5.637900000000001e-18,-5.979728e-16,0.001,0.0,3.009547761567645e-17
3548.13,0.2,-5.637900000000001e-18,-6.7093650000000005e-16,0.001,0.0,3.0095532146729525e-17
3981.0699999999997,0.2,-5.637900000000001e-18,-7.528032e-16,0.001,0.0,3.009551463686816e-17
4466.84,0.2,-5.637900000000001e-18,-8.446591000000001e-16,0.001,0.0,3.009547487542682e-17
5011.87,0.2,-5.637900000000001e-18,-9.47723e-16,0.001,0.0,3.009551327785444e-17
5623.41,0.2,-5.637900000000001e-18,-1.0633999999999999e-15,0.001,0.0,3.009657245050983e-17
6309.57,0.2,-5.637900000000001e-18,-1.1931000000000002e-15,0.001,0.0,3.0095198659011686e-17
7079.46,0.2,-5.637900000000001e-18,-1.3387e-15,0.001,0.0,3.009561778965066e-17
7943.28,0.2,-5.637900000000001e-18,-1.5020000000000001e-15,0.001,0.0,3.0094712074108784e-17
8912.509999999998,0.2,-5.637900000000001e-18,-1.6853000000000002e-15,0.001,0.0,3.009520613079495e-17
10000.0,0.2,-5.637900000000001e-18,-1.891e-15,0.001,0.0,3.009619973867741e-17
11220.179999999998,0.2,-5.637900000000001e-18,-2.1217e-15,0.001,0.0,3.009568855027945e-17
12589.25,0.2,-5.637900000000001e-18,-2.3806e-15,0.001,0.0,3.0095856188777416e-17
14125.38,0.2,-5.637900000000001e-18,-2.6710000000000002e-15,0.001,0.0,3.0094967568904515e-17
15848.929999999998,0.2,-5.637900000000001e-18,-2.997e-15,0.001,0.0,3.0095871736856073e-17
17782.789999999997,0.2,-5.637900000000001e-18,-3.3626000000000002e-15,0.001,0.0,3.009507572438337e-17
19952.62,0.2,-5.637900000000001e-18,-3.773e-15,0.001,0.0,3.009587714724789e-17
22387.21,0.2,-5.637900000000001e-18,-4.2333e-15,0.001,0.0,3.0095336604736396e-17
25118.86,0.2,-5.637900000000001e-18,-4.749900000000001e-15,0.001,0.0,3.0095715497924424e-17
28183.83,0.2,-5.637900000000001e-18,-5.3294e-15,0.001,0.0,3.0095283491063745e-17
31622.78,0.2,-5.637900000000001e-18,-5.9797000000000005e-15,0.001,0.0,3.009535572794697e-17
35481.340000000004,0.2,-5.637900000000001e-18,-6.7094e-15,0.001,0.0,3.009565521428341e-17
39810.72,0.2,-5.637900000000001e-18,-7.528000000000001e-15,0.001,0.0,3.0095371588250306e-17
44668.36,0.2,-5.637900000000001e-18,-8.446600000000001e-15,0.001,0.0,3.009553389289429e-17
50118.72,0.2,-5.637900000000001e-18,-9.4772e-15,0.001,0.0,3.009540600140049e-17
56234.13,0.2,-5.637900000000001e-18,-1.06336e-14,0.001,0.0,3.0095424306590644e-17
63095.73,0.2,-5.637900000000001e-18,-1.1931100000000002e-14,0.001,0.0,3.009543659331166e-17
70794.58,0.2,-5.637900000000001e-18,-1.3386900000000001e-14,0.001,0.0,3.009540147956092e-17
79432.82,0.2,-5.637900000000001e-18,-1.5020400000000002e-14,0.001,0.0,3.009550595355302e-17
89125.09,0.2,-5.637900000000001e-18,-1.6853200000000003e-14,0.001,0.0,3.0095566657114524e-17
100000.0,0.2,-5.637900000000001e-18,-1.89096e-14,0.001,0.0,3.009556311890505e-17
112201.84999999999,0.2,-5.637900000000001e-18,-2.12169e-14,0.001,0.0,3.009553329188809e-17
125892.54,0.2,-5.637900000000001e-18,-2.3805700000000003e-14,0.001,0.0,3.0095467362583464e-17
141253.75,0.2,-5.637900000000001e-18,-2.6710500000000002e-14,0.001,0.0,3.009554158708049e-17
158489.31999999998,0.2,-5.637900000000001e-18,-2.99696e-14,0.001,0.0,3.009546625909473e-17
177827.94,0.2,-5.637900000000001e-18,-3.3626500000000003e-14,0.001,0.0,3.009551645191199e-17
199526.23,0.2,-5.637900000000001e-18,-3.77295e-14,0.001,0.0,3.009547379001581e-17
223872.11,0.2,-5.637900000000001e-18,-4.23332e-14,0.001,0.0,3.009547744423289e-17
251188.63999999998,0.2,-5.637900000000001e-18,-4.74987e-14,0.001,0.0,3.0095520623221696e-17
281838.29,0.2,-5.637900000000001e-18,-5.329440000000001e-14,0.001,0.0,3.0095510440106306e-17
316227.77,0.2,-5.637900000000001e-18,-5.97973e-14,0.001,0.0,3.009550957067747e-17
354813.39,0.2,-5.637900000000001e-18,-6.70937e-14,0.001,0.0,3.009552149462199e-17
398107.17,0.2,-5.637900000000001e-18,-7.52803e-14,0.001,0.0,3.009549378987776e-17
446683.58999999997,0.2,-5.637900000000001e-18,-8.446590000000001e-14,0.001,0.0,3.0095498936295655e-17
501187.23,0.2,-5.637900000000001e-18,-9.477230000000001e-14,0.001,0.0,3.0095499466712336e-17
562341.33,0.2,-5.637900000000001e-18,-1.063363e-13,0.001,0.0,3.0095507607635226e-17
630957.3400000001,0.2,-5.637900000000001e-18,-1.1931130000000002e-13,0.001,0.0,3.009551035846584e-17
707945.78,0.2,-5.637900000000001e-18,-1.3386940000000002e-13,0.001,0.0,3.0095492254712184e-17
794328.23,0.2,-5.637900000000001e-18,-1.5020400000000002e-13,0.001,0.0,3.0095504816913094e-17
891250.9400000001,0.2,-5.637900000000001e-18,-1.685316e-13,0.001,0.0,3.0095493876490126e-17
1000000.0,0.2,-5.637900000000001e-18,-1.890956e-13,0.001,0.0,3.009549945692781e-17
1122020.0,0.2,-5.637900000000001e-18,-2.1216880000000003e-13,0.001,0.0,3.009546468857572e-17
1258930.0,0.2,-5.637900000000001e-18,-2.380573e-13,0.001,0.0,3.009539532309998e-17
1412540.0,0.2,-5.637900000000001e-18,-2.671046e-13,0.001,0.0,3.0095443252993525e-17
1584890.0,0.2,-5.637900000000001e-18,-2.996963e-13,0.001,0.0,3.0095557149929393e-17
1778280.0,0.2,-5.637900000000001e-18,-3.362648e-13,0.001,0.0,3.009548839766941e-17
1995260.0,0.2,-5.637900000000001e-18,-3.7729530000000003e-13,0.001,0.0,3.00955324119862e-17
2238720.0,0.2,-5.637900000000001e-18,-4.233323e-13,0.001,0.0,3.009551355929333e-17
2511890.0,0.2,-5.637900000000001e-18,-4.749867e-13,0.001,0.0,3.0095458482619525e-17
2818380.0,0.2,-5.637900000000001e-18,-5.329438e-13,0.001,0.0,3.0095530113106983e-17
3162280.0,0.2,-5.637900000000001e-18,-5.979728e-13,0.001,0.0,3.009547761567645e-17
3548130.0,0.2,-5.637900000000001e-18,-6.709365000000001e-13,0.001,0.0,3.009553214672953e-17
3981070.0,0.2,-5.637900000000001e-18,-7.528032e-13,0.001,0.0,3.009551463686815e-17
4466840.0,0.2,-5.637900000000001e-18,-8.446591e-13,0.001,0.0,3.009547487542682e-17
5011870.0,0.2,-5.637900000000001e-18,-9.47723e-13,0.001,0.0,3.009551327785444e-17
5623410.0,0.2,-5.637900000000001e-18,-1.0633999999999999e-12,0.001,0.0,3.0096572450509837e-17
6309570.0,0.2,-5.637900000000001e-18,-1.1931e-12,0.001,0.0,3.009519865901168e-17
7079460.0,0.2,-5.637900000000001e-18,-1.3387e-12,0.001,0.0,3.009561778965066e-17
7943280.0,0.2,-5.637900000000001e-18,-1.502e-12,0.001,0.0,3.009471207410878e-17
8912510.0,0.2,-5.637900000000001e-18,-1.6852999999999999e-12,0.001,0.0,3.009520613079494e-17
10000000.0,0.2,-5.637900000000001e-18,-1.891e-12,0.001,0.0,3.0096199738677405e-17
11220180.0,0.2,-5.637900000000001e-18,-2.1217e-12,0.001,0.0,3.0095688550279436e-17
12589250.0,0.2,-5.637900000000001e-18,-2.3805999999999998e-12,0.001,0.0,3.009585618877741e-17
14125380.0,0.2,-5.637900000000001e-18,-2.671e-12,0.001,0.0,3.0094967568904515e-17
15848930.0,0.2,-5.637900000000001e-18,-2.997e-12,0.001,0.0,3.0095871736856073e-17
17782790.0,0.2,-5.637900000000001e-18,-3.3626e-12,0.001,0.0,3.009507572438336e-17
19952620.0,0.2,-5.637900000000001e-18,-3.773e-12,0.001,0.0,3.0095877147247887e-17
22387210.0,0.2,-5.637900000000001e-18,-4.2333e-12,0.001,0.0,3.009533660473639e-17
25118860.0,0.2,-5.637900000000001e-18,-4.7499e-12,0.001,0.0,3.009571549792442e-17
28183830.0,0.2,-5.637900000000001e-18,-5.3293999999999995e-12,0.001,0.0,3.009528349106374e-17
31622780.0,0.2,-5.637900000000001e-18,-5.9797000000000005e-12,0.001,0.0,3.009535572794696e-17
35481340.0,0.2,-5.637900000000001e-18,-6.7094e-12,0.001,0.0,3.0095655214283413e-17
39810720.0,0.2,-5.637900000000001e-18,-7.528e-12,0.001,0.0,3.00953715882503e-17
44668360.0,0.2,-5.637900000000001e-18,-8.446599999999999e-12,0.001,0.0,3.009553389289428e-17
50118720.0,0.2,-5.637900000000001e-18,-9.4772e-12,0.001,0.0,3.009540600140048e-17
56234130.0,0.2,-5.637900000000001e-18,-1.0633599999999999e-11,0.001,0.0,3.0095424306590644e-17
63095730.0,0.2,-5.637900000000001e-18,-1.1931100000000001e-11,0.001,0.0,3.009543659331167e-17
70794580.0,0.2,-5.637900000000001e-18,-1.33869e-11,0.001,0.0,3.0095401479560915e-17
79432820.0,0.2,-5.637900000000001e-18,-1.5020400000000002e-11,0.001,0.0,3.009550595355301e-17
89125090.0,0.2,-5.637900000000001e-18,-1.68532e-11,0.001,0.0,3.009556665711452e-17
100000000.0,0.2,-6.0715000000000004e-18,-1.89096e-11,0.001,0.0,3.009556311890505e-17
112201850.0,0.2,-6.0715000000000004e-18,-2.12169e-11,0.001,0.0,3.00955332918881e-17
125892540.0,0.2,-6.0715000000000004e-18,-2.3805700000000002e-11,0.001,0.0,3.0095467362583464e-17
141253750.0,0.2,-6.0715000000000004e-18,-2.67105e-11,0.001,0.0,3.0095541587080487e-17
158489320.0,0.2,-6.0715000000000004e-18,-2.9969599999999996e-11,0.001,0.0,3.0095466259094723e-17
177827940.0,0.2,-6.2884e-18,-3.36265e-11,0.001,0.0,3.0095516451912e-17
199526230.0,0.2,-6.2884e-18,-3.7729500000000004e-11,0.001,0.0,3.0095473790015814e-17
223872110.0,0.2,-6.722100000000001e-18,-4.2333199999999997e-11,0.001,0.0,3.009547744423288e-17
251188640.0,0.2,-6.722100000000001e-18,-4.7498699999999997e-11,0.001,0.0,3.009552062322169e-17
281838290.0,0.2,-7.155700000000001e-18,-5.3294400000000004e-11,0.001,0.0,3.00955104401063e-17
316227770.0,0.2,-7.806300000000001e-18,-5.97973e-11,0.001,0.0,3.0095509570677465e-17
354813390.0,0.2,-8.4568e-18,-6.70937e-11,0.001,0.0,3.0095521494622005e-17
398107170.0,0.2,-8.8905e-18,-7.528029999999999e-11,0.001,0.0,3.0095493789877753e-17
446683590.0,0.2,-9.974700000000001e-18,-8.44659e-11,0.001,0.0,3.0095498936295655e-17
501187230.0,0.2,-1.10589e-17,-9.47723e-11,0.001,0.0,3.0095499466712336e-17
562341330.0,0.2,-1.3010400000000001e-17,-1.0633629999999999e-10,0.001,0.0,3.009550760763522e-17
630957340.0,0.2,-1.45283e-17,-1.193113e-10,0.001,0.0,3.009551035846584e-17
707945780.0,0.2,-1.66967e-17,-1.3386940000000001e-10,0.001,0.0,3.0095492254712184e-17
794328230.0,0.2,-1.9732500000000002e-17,-1.5020400000000002e-10,0.001,0.0,3.0095504816913094e-17
891250940.0,0.2,-2.29851e-17,-1.685316e-10,0.001,0.0,3.009549387649013e-17
1000000000.0,0.2,-2.7321900000000003e-17,-1.890956e-10,0.001,0.0,3.00954994569278e-17
1122020000.0,0.2,-3.33934e-17,-2.121688e-10,0.001,0.0,3.009546468857572e-17
1258930000.0,0.2,-4.0766e-17,-2.3805729999999997e-10,0.001,0.0,3.0095395323099975e-17
1412540000.0,0.2,-4.9656500000000004e-17,-2.671046e-10,0.001,0.0,3.009544325299352e-17
1584890000.0,0.2,-6.07153e-17,-2.996963e-10,0.001,0.0,3.0095557149929393e-17
1778280000.0,0.2,-7.50268e-17,-3.3626479999999996e-10,0.001,0.0,3.009548839766941e-17
1995260000.0,0.2,-9.367510000000001e-17,-3.772953e-10,0.001,0.0,3.009553241198619e-17
2238720000.0,0.2,-1.160096e-16,-4.233323e-10,0.001,0.0,3.0095513559293325e-17
2511890000.0,0.2,-1.448494e-16,-4.749867e-10,0.001,0.0,3.0095458482619525e-17
2818380000.0,0.2,-1.8041120000000001e-16,-5.329438e-10,0.001,0.0,3.009553011310698e-17
3162280000.0,0.2,-2.259477e-16,-5.979728e-10,0.001,0.0,3.009547761567645e-17
3548130000.0,0.2,-2.831936e-16,-6.709365e-10,0.001,0.0,3.0095532146729525e-17
3981070000.0,0.2,-3.5496780000000003e-16,-7.528031999999999e-10,0.001,0.0,3.009551463686815e-17
4466840000.0,0.2,-4.453903000000001e-16,-8.446591e-10,0.001,0.0,3.009547487542682e-17
5011870000.0,0.2,-5.592315e-16,-9.47723e-10,0.001,0.0,3.009551327785444e-17
5623410000.0,0.2,-7.027798000000001e-16,-1.0633999999999999e-09,0.001,0.0,3.009657245050983e-17
6309570000.0,0.2,-8.834079000000001e-16,-1.1931000000000002e-09,0.001,0.0,3.0095198659011686e-17
7079460000.0,0.2,-1.1104e-15,-1.3387000000000001e-09,0.001,0.0,3.009561778965067e-17
7943280000.0,0.2,-1.3965000000000001e-15,-1.5020000000000002e-09,0.001,0.0,3.009471207410879e-17
8912510000.0,0.2,-1.7564000000000001e-15,-1.6853000000000002e-09,0.001,0.0,3.0095206130794944e-17
10000000000.0,0.2,-2.2096000000000002e-15,-1.891e-09,0.001,0.0,3.009619973867741e-17
10.0,0.4,-3.4694000000000002e-18,-1.6779000000000001e-18,0.001,0.0,2.670460790138912e-17
11.22018,0.4,-3.4694000000000002e-18,-1.8826000000000003e-18,0.001,0.0,2.670412559021355e-17
12.58925,0.4,-3.4694000000000002e-18,-2.1124e-18,0.001,0.0,2.6705236752572215e-17
14.12538,0.4,-3.4694000000000002e-18,-2.3701000000000002e-18,0.001,0.0,2.6704635954721304e-17
15.84893,0.4,-3.4694000000000002e-18,-2.6593e-18,0.001,0.0,2.6704688591865656e-17
17.78279,0.4,-3.4694000000000002e-18,-2.9838000000000003e-18,0.001,0.0,2.6704837609711267e-17
19.95262,0.4,-3.4694000000000002e-18,-3.3479000000000005e-18,0.001,0.0,2.6705005857744822e-17
22.38721,0.4,-3.4694000000000002e-18,-3.7564e-18,0.001,0.0,2.6704963603342966e-17
25.11886,0.4,-3.4694000000000002e-18,-4.2146999999999996e-18,0.001,0.0,2.670464896294701e-17
28.18383,0.4,-3.4694000000000002e-18,-4.729000000000001e-18,0.001,0.0,2.6704806475258087e-17
31.62278,0.4,-3.4694000000000002e-18,-5.306e-18,0.001,0.0,2.670467707284422e-17
35.48134,0.4,-3.4694000000000002e-18,-5.953400000000001e-18,0.001,0.0,2.6704544929906528e-17
39.81072,0.4,-3.4694000000000002e-18,-6.6799e-18,0.001,0.0,2.6704844935222263e-17
44.66836,0.4,-3.4694000000000002e-18,-7.494900000000002e-18,0.001,0.0,2.670459320600637e-17
50.11872,0.4,-3.4694000000000002e-18,-8.409400000000001e-18,0.001,0.0,2.6704544298756726e-17
56.23413,0.4,-3.4694000000000002e-18,-9.4355e-18,0.001,0.0,2.6704538072227286e-17
63.09573,0.4,-3.4694000000000002e-18,-1.05869e-17,0.001,0.0,2.6704778073248168e-17
70.79458,0.4,-3.4694000000000002e-18,-1.1878600000000001e-17,0.001,0.0,2.670455714281218e-17
79.43282,0.4,-3.4694000000000002e-18,-1.33281e-17,0.001,0.0,2.6704742410291996e-17
89.12509,0.4,-3.4694000000000002e-18,-1.49543e-17,0.001,0.0,2.6704609953034895e-17
100.0,0.4,-3.4694000000000002e-18,-1.6779e-17,0.001,0.0,2.670460790138912e-17
112.20185,0.4,-3.4694000000000002e-18,-1.88264e-17,0.001,0.0,2.670468107812178e-17
125.89254,0.4,-3.4694000000000002e-18,-2.11235e-17,0.001,0.0,2.6704596161151813e-17
141.25375,0.4,-3.4694000000000002e-18,-2.3701000000000004e-17,0.001,0.0,2.6704645407438827e-17
158.48932,0.4,-3.4694000000000002e-18,-2.6593000000000003e-17,0.001,0.0,2.6704685221961792e-17
177.82794,0.4,-3.4694000000000002e-18,-2.9837800000000003e-17,0.001,0.0,2.670465260401349e-17
199.52623,0.4,-3.4694000000000002e-18,-3.34786e-17,0.001,0.0,2.6704682776777407e-17
223.87211,0.4,-3.4694000000000002e-18,-3.7563600000000006e-17,0.001,0.0,2.6704678042864385e-17
251.18864,0.4,-3.4694000000000002e-18,-4.2147e-17,0.001,0.0,2.670464471042207e-17
281.83829,0.4,-3.4694000000000002e-18,-4.7289700000000005e-17,0.001,0.0,2.6704638011864193e-17
316.22777,0.4,-3.4694000000000002e-18,-5.3059900000000005e-17,0.001,0.0,2.670462927706083e-17
354.81339,0.4,-3.4694000000000002e-18,-5.95342e-17,0.001,0.0,2.6704635394457673e-17
398.10717,0.4,-3.4694000000000002e-18,-6.679850000000001e-17,0.001,0.0,2.670464705803709e-17
446.68359,0.4,-3.4694000000000002e-18,-7.494920000000001e-17,0.001,0.0,2.670466506455517e-17
501.18723,0.4,-3.4694000000000002e-18,-8.40944e-17,0.001,0.0,2.6704669722624582e-17
562.34133,0.4,-3.4694000000000002e-18,-9.435540000000001e-17,0.001,0.0,2.670464985636575e-17
630.95734,0.4,-3.4694000000000002e-18,-1.0586850000000001e-16,0.001,0.0,2.6704650258485497e-17
707.94578,0.4,-3.4694000000000002e-18,-1.187864e-16,0.001,0.0,2.6704647822169542e-17
794.32823,0.4,-3.4694000000000002e-18,-1.332806e-16,0.001,0.0,2.670466125603224e-17
891.25094,0.4,-3.4694000000000002e-18,-1.495433e-16,0.001,0.0,2.670466232694715e-17
1000.0,0.4,-3.4694000000000002e-18,-1.677903e-16,0.001,0.0,2.670465564787205e-17
1122.02,0.4,-3.4694000000000002e-18,-1.882638e-16,0.001,0.0,2.6704617007953485e-17
1258.93,0.4,-3.4694000000000002e-18,-2.1123550000000003e-16,0.001,0.0,2.670456179572181e-17
1412.54,0.4,-3.4694000000000002e-18,-2.370101e-16,0.001,0.0,2.670460941120565e-17
1584.8899999999999,0.4,-3.4694000000000002e-18,-2.6592970000000007e-16,0.001,0.0,2.6704709014470923e-17
1778.28,0.4,-3.4694000000000002e-18,-2.98378e-16,0.001,0.0,2.670464359373864e-17
1995.26,0.4,-3.4694000000000002e-18,-3.347856e-16,0.001,0.0,2.6704681653511847e-17
2238.72,0.4,-3.4694000000000002e-18,-3.756357e-16,0.001,0.0,2.6704669836685373e-17
2511.8900000000003,0.4,-3.4694000000000002e-18,-4.214702e-16,0.001,0.0,2.670461910988528e-17
2818.38,0.4,-3.4694000000000002e-18,-4.728973e-16,0.001,0.0,2.6704682430974874e-17
3162.28,0.4,-3.4694000000000002e-18,-5.305995000000001e-16,0.001,0.0,2.670463501874854e-17
3548.13,0.4,-3.4694000000000002e-18,-5.953424000000001e-16,0.001,0.0,2.670468268980911e-17
3981.0699999999997,0.4,-3.4694000000000002e-18,-6.679852e-16,0.001,0.0,2.6704666457065146e-17
4466.84,0.4,-3.4694000000000002e-18,-7.494917000000001e-16,0.001,0.0,2.670462986391899e-17
5011.87,0.4,-3.4694000000000002e-18,-8.409435000000001e-16,0.001,0.0,2.670466609987875e-17
5623.41,0.4,-3.4694000000000002e-18,-9.435542000000001e-16,0.001,0.0,2.670467118796582e-17
6309.57,0.4,-3.4694000000000002e-18,-1.0587e-15,0.001,0.0,2.6705043014244967e-17
7079.46,0.4,-3.4694000000000002e-18,-1.1879e-15,0.001,0.0,2.6705448847632794e-17
7943.28,0.4,-3.4694000000000002e-18,-1.3328e-15,0.001,0.0,2.6704548769888276e-17
8912.509999999998,0.4,-3.4694000000000002e-18,-1.4954000000000002e-15,0.001,0.0,2.670407123241605e-17
10000.0,0.4,-3.4694000000000002e-18,-1.6779000000000001e-15,0.001,0.0,2.6704607901389122e-17
11220.179999999998,0.4,-3.4694000000000002e-18,-1.8826000000000003e-15,0.001,0.0,2.670412559021355e-17
12589.25,0.4,-3.4694000000000002e-18,-2.1124e-15,0.001,0.0,2.6705236752572215e-17
14125.38,0.4,-3.4694000000000002e-18,-2.3701e-15,0.001,0.0,2.6704635954721297e-17
15848.929999999998,0.4,-3.4694000000000002e-18,-2.6593e-15,0.001,0.0,2.6704688591865653e-17
17782.789999999997,0.4,-3.4694000000000002e-18,-2.9838e-15,0.001,0.0,2.6704837609711264e-17
19952.62,0.4,-3.4694000000000002e-18,-3.3479000000000002e-15,0.001,0.0,2.6705005857744822e-17
22387.21,0.4,-3.4694000000000002e-18,-3.756400000000001e-15,0.001,0.0,2.6704963603342972e-17
25118.86,0.4,-3.4694000000000002e-18,-4.2147e-15,0.001,0.0,2.6704648962947016e-17
28183.83,0.4,-3.4694000000000002e-18,-4.729e-15,0.001,0.0,2.6704806475258084e-17
31622.78,0.4,-3.4694000000000002e-18,-5.306000000000001e-15,0.001,0.0,2.6704677072844223e-17
35481.340000000004,0.4,-3.4694000000000002e-18,-5.953400000000001e-15,0.001,0.0,2.670454492990653e-17
39810.72,0.4,-3.4694000000000002e-18,-6.6799e-15,0.001,0.0,2.6704844935222266e-17
44668.36,0.4,-3.4694000000000002e-18,-7.494900000000001e-15,0.001,0.0,2.670459320600637e-17
50118.72,0.4,-3.4694000000000002e-18,-8.4094e-15,0.001,0.0,2.670454429875673e-17
56234.13,0.4,-3.4694000000000002e-18,-9.4355e-15,0.001,0.0,2.6704538072227283e-17
63095.73,0.4,-3.4694000000000002e-18,-1.05869e-14,0.001,0.0,2.6704778073248168e-17
70794.58,0.4,-3.4694000000000002e-18,-1.1878600000000002e-14,0.001,0.0,2.670455714281218e-17
79432.82,0.4,-3.4694000000000002e-18,-1.33281e-14,0.001,0.0,2.6704742410291993e-17
89125.09,0.4,-3.4694000000000002e-18,-1.49543e-14,0.001,0.0,2.6704609953034895e-17
100000.0,0.4,-3.4694000000000002e-18,-1.6779000000000002e-14,0.001,0.0,2.6704607901389128e-17
112201.84999999999,0.4,-3.4694000000000002e-18,-1.88264e-14,0.001,0.0,2.6704681078121784e-17
125892.54,0.4,-3.4694000000000002e-18,-2.11235e-14,0.001,0.0,2.6704596161151816e-17
141253.75,0.4,-3.4694000000000002e-18,-2.3701000000000002e-14,0.001,0.0,2.6704645407438827e-17
158489.31999999998,0.4,-3.4694000000000002e-18,-2.6593000000000003e-14,0.001,0.0,2.6704685221961795e-17
177827.94,0.4,-3.4694000000000002e-18,-2.98378e-14,0.001,0.0,2.6704652604013488e-17
199526.23,0.4,-3.4694000000000002e-18,-3.3478600000000006e-14,0.001,0.0,2.670468277677741e-17
223872.11,0.4,-3.4694000000000002e-18,-3.75636e-14,0.001,0.0,2.6704678042864388e-17
251188.63999999998,0.4,-3.4694000000000002e-18,-4.2147e-14,0.001,0.0,2.670464471042207e-17
281838.29,0.4,-3.4694000000000002e-18,-4.728970000000001e-14,0.001,0.0,2.67046380118642e-17
316227.77,0.4,-3.4694000000000002e-18,-5.30599e-14,0.001,0.0,2.6704629277060826e-17
354813.39,0.4,-3.4694000000000002e-18,-5.95342e-14,0.001,0.0,2.6704635394457673e-17
398107.17,0.4,-3.4694000000000002e-18,-6.679850000000001e-14,0.001,0.0,2.6704647058037094e-17
446683.58999999997,0.4,-3.4694000000000002e-18,-7.494920000000002e-14,0.001,0.0,2.670466506455517e-17
501187.23,0.4,-3.4694000000000002e-18,-8.40944e-14,0.001,0.0,2.6704669722624582e-17
562341.33,0.4,-3.4694000000000002e-18,-9.435540000000001e-14,0.001,0.0,2.670464985636575e-17
630957.3400000001,0.4,-3.4694000000000002e-18,-1.058685e-13,0.001,0.0,2.6704650258485494e-17
707945.78,0.4,-3.4694000000000002e-18,-1.187864e-13,0.001,0.0,2.6704647822169542e-17
794328.23,0.4,-3.4694000000000002e-18,-1.332806e-13,0.001,0.0,2.670466125603224e-17
891250.9400000001,0.4,-3.4694000000000002e-18,-1.495433e-13,0.001,0.0,2.6704662326947146e-17
1000000.0,0.4,-3.4694000000000002e-18,-1.677903e-13,0.001,0.0,2.670465564787205e-17
1122020.0,0.4,-3.4694000000000002e-18,-1.8826380000000002e-13,0.001,0.0,2.6704617007953482e-17
1258930.0,0.4,-3.4694000000000002e-18,-2.1123550000000002e-13,0.001,0.0,2.6704561795721814e-17
1412540.0,0.4,-3.4694000000000002e-18,-2.370101e-13,0.001,0.0,2.670460941120565e-17
1584890.0,0.4,-3.4694000000000002e-18,-2.6592970000000004e-13,0.001,0.0,2.6704709014470913e-17
1778280.0,0.4,-3.4694000000000002e-18,-2.98378e-13,0.001,0.0,2.6704643593738636e-17
1995260.0,0.4,-3.4694000000000002e-18,-3.347856e-13,0.001,0.0,2.670468165351184e-17
2238720.0,0.4,-3.4694000000000002e-18,-3.756357e-13,0.001,0.0,2.670466983668537e-17
2511890.0,0.4,-3.4694000000000002e-18,-4.214702e-13,0.001,0.0,2.6704619109885283e-17
2818380.0,0.4,-3.4694000000000002e-18,-4.728973e-13,0.001,0.0,2.670468243097487e-17
3162280.0,0.4,-3.4694000000000002e-18,-5.305995000000001e-13,0.001,0.0,2.6704635018748542e-17
3548130.0,0.4,-3.4694000000000002e-18,-5.953424e-13,0.001,0.0,2.670468268980911e-17
3981070.0,0.4,-3.4694000000000002e-18,-6.679852e-13,0.001,0.0,2.670466645706514e-17
4466840.0,0.4,-3.4694000000000002e-18,-7.494917000000001e-13,0.001,0.0,2.670462986391899e-17
5011870.0,0.4,-3.4694000000000002e-18,-8.409435000000001e-13,0.001,0.0,2.670466609987875e-17
5623410.0,0.4,-3.4694000000000002e-18,-9.435542000000002e-13,0.001,0.0,2.670467118796582e-17
6309570.0,0.4,-3.4694000000000002e-18,-1.0587e-12,0.001,0.0,2.670504301424496e-17
7079460.0,0.4,-3.4694000000000002e-18,-1.1879e-12,0.001,0.0,2.6705448847632797e-17
7943280.0,0.4,-3.4694000000000002e-18,-1.3328e-12,0.001,0.0,2.6704548769888267e-17
8912510.0,0.4,-3.4694000000000002e-18,-1.4954e-12,0.001,0.0,2.6704071232416042e-17
10000000.0,0.4,-3.4694000000000002e-18,-1.6779e-12,0.001,0.0,2.670460790138912e-17
11220180.0,0.4,-3.4694000000000002e-18,-1.8826e-12,0.001,0.0,2.670412559021354e-17
12589250.0,0.4,-3.4694000000000002e-18,-2.1124e-12,0.001,0.0,2.6705236752572215e-17
14125380.0,0.4,-3.4694000000000002e-18,-2.3700999999999998e-12,0.001,0.0,2.6704635954721297e-17
15848930.0,0.4,-3.4694000000000002e-18,-2.6592999999999998e-12,0.001,0.0,2.670468859186565e-17
17782790.0,0.4,-3.4694000000000002e-18,-2.9838e-12,0.001,0.0,2.6704837609711258e-17
19952620.0,0.4,-3.4694000000000002e-18,-3.3479e-12,0.001,0.0,2.6705005857744816e-17
22387210.0,0.4,-3.4694000000000002e-18,-3.7564000000000004e-12,0.001,0.0,2.670496360334297e-17
25118860.0,0.4,-3.4694000000000002e-18,-4.2147e-12,0.001,0.0,2.6704648962947016e-17
28183830.0,0.4,-3.4694000000000002e-18,-4.729e-12,0.001,0.0,2.6704806475258084e-17
31622780.0,0.4,-3.4694000000000002e-18,-5.306e-12,0.001,0.0,2.6704677072844217e-17
35481340.0,0.4,-3.4694000000000002e-18,-5.9534e-12,0.001,0.0,2.670454492990653e-17
39810720.0,0.4,-3.4694000000000002e-18,-6.6798999999999994e-12,0.001,0.0,2.6704844935222263e-17
44668360.0,0.4,-3.4694000000000002e-18,-7.4949e-12,0.001,0.0,2.6704593206006364e-17
50118720.0,0.4,-3.4694000000000002e-18,-8.4094e-12,0.001,0.0,2.670454429875672e-17
56234130.0,0.4,-3.4694000000000002e-18,-9.435499999999999e-12,0.001,0.0,2.670453807222728e-17
63095730.0,0.4,-3.4694000000000002e-18,-1.05869e-11,0.001,0.0,2.670477807324817e-17
70794580.0,0.4,-3.4694000000000002e-18,-1.18786e-11,0.001,0.0,2.6704557142812173e-17
79432820.0,0.4,-3.4694000000000002e-18,-1.33281e-11,0.001,0.0,2.6704742410291993e-17
89125090.0,0.4,-3.4694000000000002e-18,-1.4954299999999998e-11,0.001,0.0,2.670460995303489e-17
100000000.0,0.4,-3.4694000000000002e-18,-1.6779e-11,0.001,0.0,2.6704607901389122e-17
112201850.0,0.4,-3.6863e-18,-1.88264e-11,0.001,0.0,2.6704681078121784e-17
125892540.0,0.4,-3.6863e-18,-2.1123499999999998e-11,0.001,0.0,2.670459616115181e-17
141253750.0,0.4,-3.6863e-18,-2.3701e-11,0.001,0.0,2.670464540743882e-17
158489320.0,0.4,-3.6863e-18,-2.6593e-11,0.001,0.0,2.670468522196179e-17
177827940.0,0.4,-3.6863e-18,-2.98378e-11,0.001,0.0,2.6704652604013494e-17
199526230.0,0.4,-4.1200000000000004e-18,-3.3478599999999997e-11,0.001,0.0,2.6704682776777407e-17
223872110.0,0.4,-4.1200000000000004e-18,-3.75636e-11,0.001,0.0,2.6704678042864382e-17
251188640.0,0.4,-4.553600000000001e-18,-4.2147e-11,0.001,0.0,2.6704644710422067e-17
281838290.0,0.4,-4.553600000000001e-18,-4.72897e-11,0.001,0.0,2.670463801186419e-17
316227770.0,0.4,-5.2042000000000004e-18,-5.3059899999999996e-11,0.001,0.0,2.6704629277060823e-17
354813390.0,0.4,-5.637900000000001e-18,-5.95342e-11,0.001,0.0,2.670463539445768e-17
398107170.0,0.4,-6.2884e-18,-6.67985e-11,0.001,0.0,2.670464705803709e-17
446683590.0,0.4,-6.722100000000001e-18,-7.49492e-11,0.001,0.0,2.6704665064555165e-17
501187230.0,0.4,-7.806300000000001e-18,-8.40944e-11,0.001,0.0,2.6704669722624582e-17
562341330.0,0.4,-8.8905e-18,-9.43554e-11,0.001,0.0,2.6704649856365746e-17
630957340.0,0.4,-9.974700000000001e-18,-1.0586849999999999e-10,0.001,0.0,2.6704650258485497e-17
707945780.0,0.4,-1.23599e-17,-1.187864e-10,0.001,0.0,2.670464782216954e-17
794328230.0,0.4,-1.4745100000000003e-17,-1.332806e-10,0.001,0.0,2.6704661256032238e-17
891250940.0,0.4,-1.77809e-17,-1.4954329999999997e-10,0.001,0.0,2.6704662326947146e-17
1000000000.0,0.4,-2.10335e-17,-1.677903e-10,0.001,0.0,2.6704655647872043e-17
1122020000.0,0.4,-2.5587200000000002e-17,-1.882638e-10,0.001,0.0,2.6704617007953485e-17
1258930000.0,0.4,-3.14419e-17,-2.112355e-10,0.001,0.0,2.670456179572181e-17
1412540000.0,0.4,-3.85976e-17,-2.3701009999999997e-10,0.001,0.0,2.6704609411205644e-17
1584890000.0,0.4,-4.81386e-17,-2.6592970000000004e-10,0.001,0.0,2.670470901447091e-17
1778280000.0,0.4,-5.963110000000001e-17,-2.98378e-10,0.001,0.0,2.670464359373864e-17
1995260000.0,0.4,-7.43763e-17,-3.347856e-10,0.001,0.0,2.6704681653511837e-17
2238720000.0,0.4,-9.215720000000001e-17,-3.756357e-10,0.001,0.0,2.6704669836685367e-17
2511890000.0,0.4,-1.153591e-16,-4.2147019999999995e-10,0.001,0.0,2.670461910988528e-17
2818380000.0,0.4,-1.441989e-16,-4.728973e-10,0.001,0.0,2.6704682430974867e-17
3162280000.0,0.4,-1.808449e-16,-5.305995000000001e-10,0.001,0.0,2.670463501874854e-17
3548130000.0,0.4,-2.2659830000000003e-16,-5.953424e-10,0.001,0.0,2.6704682689809107e-17
3981070000.0,0.4,-2.849283e-16,-6.679851999999999e-10,0.001,0.0,2.670466645706514e-17
4466840000.0,0.4,-3.5756990000000003e-16,-7.494917e-10,0.001,0.0,2.6704629863918988e-17
5011870000.0,0.4,-4.490765e-16,-8.409435e-10,0.001,0.0,2.6704666099878746e-17
5623410000.0,0.4,-5.644357e-16,-9.435542e-10,0.001,0.0,2.6704671187965816e-17
6309570000.0,0.4,-7.097187000000001e-16,-1.0587e-09,0.001,0.0,2.6705043014244967e-17
7079460000.0,0.4,-8.929489e-16,-1.1879e-09,0.001,0.0,2.6705448847632794e-17
7943280000.0,0.4,-1.1230000000000001e-15,-1.3328e-09,0.001,0.0,2.6704548769888273e-17
8912510000.0,0.4,-1.4131000000000002e-15,-1.4954000000000002e-09,0.001,0.0,2.6704071232416046e-17
10000000000.0,0.4,-1.7783e-15,-1.6779e-09,0.001,0.0,2.6704607901389122e-17
10.0,0.6,-3.4694000000000002e-18,-1.5963000000000001e-18,0.001,0.0,2.5405903565759253e-17
11.22018,0.6,-3.4694000000000002e-18,-1.7911e-18,0.001,0.0,2.5406225084793095e-17
12.58925,0.6,-3.4694000000000002e-18,-2.0097e-18,0.001,0.0,2.54068899363967e-17
14.12538,0.6,-3.4694000000000002e-18,-2.2549000000000002e-18,0.001,0.0,2.5406642594954247e-17
15.84893,0.6,-3.4694000000000002e-18,-2.53e-18,0.001,0.0,2.5406258089504795e-17
17.78279,0.6,-3.4694000000000002e-18,-2.8387e-18,0.001,0.0,2.5406200992924248e-17
19.95262,0.6,-3.4694000000000002e-18,-3.1851e-18,0.001,0.0,2.5406408243228e-17
22.38721,0.6,-3.4694000000000002e-18,-3.5738e-18,0.001,0.0,2.5406825398154373e-17
25.11886,0.6,-3.4694000000000002e-18,-4.009800000000001e-18,0.001,0.0,2.5406387503647936e-17
28.18383,0.6,-3.4694000000000002e-18,-4.499100000000001e-18,0.001,0.0,2.540655420021858e-17
31.62278,0.6,-3.4694000000000002e-18,-5.0481e-18,0.001,0.0,2.5406686832156975e-17
35.48134,0.6,-3.4694000000000002e-18,-5.664e-18,0.001,0.0,2.540641355914109e-17
39.81072,0.6,-3.4694000000000002e-18,-6.355100000000001e-18,0.001,0.0,2.5406362377854612e-17
44.66836,0.6,-3.4694000000000002e-18,-7.130600000000001e-18,0.001,0.0,2.540657944932541e-17
50.11872,0.6,-3.4694000000000002e-18,-8.000700000000001e-18,0.001,0.0,2.5406693411071292e-17
56.23413,0.6,-3.4694000000000002e-18,-8.976900000000002e-18,0.001,0.0,2.540659931329311e-17
63.09573,0.6,-3.4694000000000002e-18,-1.0072200000000001e-17,0.001,0.0,2.5406480245338128e-17
70.79458,0.6,-3.4694000000000002e-18,-1.1301200000000001e-17,0.001,0.0,2.5406490763419007e-17
79.43282,0.6,-3.4694000000000002e-18,-1.26802e-17,0.001,0.0,2.54065826870285e-17
89.12509,0.6,-3.4694000000000002e-18,-1.4227400000000002e-17,0.001,0.0,2.5406549798105474e-17
100.0,0.6,-3.4694000000000002e-18,-1.5963400000000002e-17,0.001,0.0,2.5406540185531626e-17
112.20185,0.6,-3.4694000000000002e-18,-1.79112e-17,0.001,0.0,2.5406497457105705e-17
125.89254,0.6,-3.4694000000000002e-18,-2.00967e-17,0.001,0.0,2.540650260003407e-17
141.25375,0.6,-3.4694000000000002e-18,-2.2548900000000002e-17,0.001,0.0,2.5406538915142706e-17
158.48932,0.6,-3.4694000000000002e-18,-2.53003e-17,0.001,0.0,2.5406556143391113e-17
177.82794,0.6,-3.4694000000000002e-18,-2.8387400000000004e-17,0.001,0.0,2.5406553275749973e-17
199.52623,0.6,-3.4694000000000002e-18,-3.18512e-17,0.001,0.0,2.5406563956070223e-17
223.87211,0.6,-3.4694000000000002e-18,-3.5737600000000003e-17,0.001,0.0,2.5406539895661497e-17
251.18864,0.6,-3.4694000000000002e-18,-4.0098300000000005e-17,0.001,0.0,2.5406573540036477e-17
281.83829,0.6,-3.4694000000000002e-18,-4.4991000000000003e-17,0.001,0.0,2.540655510167715e-17
316.22777,0.6,-3.4694000000000002e-18,-5.0480800000000006e-17,0.001,0.0,2.5406588584023947e-17
354.81339,0.6,-3.4694000000000002e-18,-5.66403e-17,0.001,0.0,2.540654884306333e-17
398.10717,0.6,-3.4694000000000002e-18,-6.35515e-17,0.001,0.0,2.5406564181962833e-17
446.68359,0.6,-3.4694000000000002e-18,-7.1306e-17,0.001,0.0,2.5406580018107876e-17
501.18723,0.6,-3.4694000000000002e-18,-8.000660000000001e-17,0.001,0.0,2.540656486793575e-17
562.34133,0.6,-3.4694000000000002e-18,-8.97689e-17,0.001,0.0,2.540656965569656e-17
630.95734,0.6,-3.4694000000000002e-18,-1.007223e-16,0.001,0.0,2.5406554307752104e-17
707.94578,0.6,-3.4694000000000002e-18,-1.1301230000000002e-16,0.001,0.0,2.5406558924871625e-17
794.32823,0.6,-3.4694000000000002e-18,-1.2680190000000001e-16,0.001,0.0,2.5406561691058375e-17
891.25094,0.6,-3.4694000000000002e-18,-1.4227410000000002e-16,0.001,0.0,2.5406566515319053e-17
1000.0,0.6,-3.4694000000000002e-18,-1.596342e-16,0.001,0.0,2.540657201652024e-17
1122.02,0.6,-3.4694000000000002e-18,-1.7911250000000003e-16,0.001,0.0,2.5406534415203927e-17
1258.93,0.6,-3.4694000000000002e-18,-2.0096750000000002e-16,0.001,0.0,2.5406472977703667e-17
1412.54,0.6,-3.4694000000000002e-18,-2.2548920000000004e-16,0.001,0.0,2.5406516483665606e-17
1584.8899999999999,0.6,-3.4694000000000002e-18,-2.530031e-16,0.001,0.0,2.540661748296293e-17
1778.28,0.6,-3.4694000000000002e-18,-2.838741e-16,0.001,0.0,2.5406553653397108e-17
1995.26,0.6,-3.4694000000000002e-18,-3.18512e-16,0.001,0.0,2.5406593243028866e-17
2238.72,0.6,-3.4694000000000002e-18,-3.5737630000000003e-16,0.001,0.0,2.540657370680216e-17
2511.8900000000003,0.6,-3.4694000000000002e-18,-4.009829e-16,0.001,0.0,2.5406530791684012e-17
2818.38,0.6,-3.4694000000000002e-18,-4.499102e-16,0.001,0.0,2.5406592538076217e-17
3162.28,0.6,-3.4694000000000002e-18,-5.048075000000001e-16,0.001,0.0,2.5406544940632065e-17
3548.13,0.6,-3.4694000000000002e-18,-5.664033e-16,0.001,0.0,2.5406590225995584e-17
3981.0699999999997,0.6,-3.4694000000000002e-18,-6.35515e-16,0.001,0.0,2.5406575031096133e-17
4466.84,0.6,-3.4694000000000002e-18,-7.130596000000001e-16,0.001,0.0,2.540654244591919e-17
5011.87,0.6,-3.4694000000000002e-18,-8.000660000000001e-16,0.001,0.0,2.540657652727632e-17
5623.41,0.6,-3.4694000000000002e-18,-8.976888e-16,0.001,0.0,2.540657890465604e-17
6309.57,0.6,-3.4694000000000002e-18,-1.0072e-15,0.001,0.0,2.5405987837864865e-17
7079.46,0.6,-3.4694000000000002e-18,-1.1301000000000002e-15,0.001,0.0,2.5406033961368656e-17
7943.28,0.6,-3.4694000000000002e-18,-1.268e-15,0.001,0.0,2.5406188355505953e-17
8912.509999999998,0.6,-3.4694000000000002e-18,-1.4227000000000002e-15,0.001,0.0,2.5405832648360514e-17
10000.0,0.6,-3.4694000000000002e-18,-1.5963000000000001e-15,0.001,0.0,2.5405903565759256e-17
11220.179999999998,0.6,-3.4694000000000002e-18,-1.7911e-15,0.001,0.0,2.5406225084793095e-17
12589.25,0.6,-3.4694000000000002e-18,-2.0097000000000003e-15,0.001,0.0,2.54068899363967e-17
14125.38,0.6,-3.4694000000000002e-18,-2.2549000000000004e-15,0.001,0.0,2.540664259495425e-17
15848.929999999998,0.6,-3.4694000000000002e-18,-2.53e-15,0.001,0.0,2.5406258089504795e-17
17782.789999999997,0.6,-3.4694000000000002e-18,-2.8387e-15,0.001,0.0,2.5406200992924248e-17
19952.62,0.6,-3.4694000000000002e-18,-3.1851e-15,0.001,0.0,2.5406408243228004e-17
22387.21,0.6,-3.4694000000000002e-18,-3.5738e-15,0.001,0.0,2.5406825398154373e-17
25118.86,0.6,-3.4694000000000002e-18,-4.0098000000000006e-15,0.001,0.0,2.540638750364794e-17
28183.83,0.6,-3.4694000000000002e-18,-4.499100000000001e-15,0.001,0.0,2.5406554200218583e-17
31622.78,0.6,-3.4694000000000002e-18,-5.0481e-15,0.001,0.0,2.5406686832156975e-17
35481.340000000004,0.6,-3.4694000000000002e-18,-5.6640000000000005e-15,0.001,0.0,2.5406413559141093e-17
39810.72,0.6,-3.4694000000000002e-18,-6.355100000000001e-15,0.001,0.0,2.5406362377854615e-17
44668.36,0.6,-3.4694000000000002e-18,-7.130600000000001e-15,0.001,0.0,2.540657944932541e-17
50118.72,0.6,-3.4694000000000002e-18,-8.000700000000001e-15,0.001,0.0,2.54066934110713e-17
56234.13,0.6,-3.4694000000000002e-18,-8.976900000000001e-15,0.001,0.0,2.540659931329311e-17
63095.73,0.6,-3.4694000000000002e-18,-1.0072200000000001e-14,0.001,0.0,2.5406480245338128e-17
70794.58,0.6,-3.4694000000000002e-18,-1.13012e-14,0.001,0.0,2.5406490763419e-17
79432.82,0.6,-3.4694000000000002e-18,-1.26802e-14,0.001,0.0,2.54065826870285e-17
89125.09,0.6,-3.4694000000000002e-18,-1.42274e-14,0.001,0.0,2.5406549798105474e-17
100000.0,0.6,-3.4694000000000002e-18,-1.5963400000000002e-14,0.001,0.0,2.540654018553163e-17
112201.84999999999,0.6,-3.4694000000000002e-18,-1.79112e-14,0.001,0.0,2.5406497457105708e-17
125892.54,0.6,-3.4694000000000002e-18,-2.00967e-14,0.001,0.0,2.540650260003407e-17
141253.75,0.6,-3.4694000000000002e-18,-2.2548900000000002e-14,0.001,0.0,2.540653891514271e-17
158489.31999999998,0.6,-3.4694000000000002e-18,-2.5300300000000003e-14,0.001,0.0,2.540655614339112e-17
177827.94,0.6,-3.4694000000000002e-18,-2.83874e-14,0.001,0.0,2.540655327574997e-17
199526.23,0.6,-3.4694000000000002e-18,-3.18512e-14,0.001,0.0,2.5406563956070223e-17
223872.11,0.6,-3.4694000000000002e-18,-3.5737600000000004e-14,0.001,0.0,2.5406539895661504e-17
251188.63999999998,0.6,-3.4694000000000002e-18,-4.0098300000000004e-14,0.001,0.0,2.5406573540036477e-17
281838.29,0.6,-3.4694000000000002e-18,-4.4991e-14,0.001,0.0,2.540655510167715e-17
316227.77,0.6,-3.4694000000000002e-18,-5.0480800000000004e-14,0.001,0.0,2.5406588584023947e-17
354813.39,0.6,-3.4694000000000002e-18,-5.664030000000001e-14,0.001,0.0,2.5406548843063334e-17
398107.17,0.6,-3.4694000000000002e-18,-6.35515e-14,0.001,0.0,2.540656418196283e-17
446683.58999999997,0.6,-3.4694000000000002e-18,-7.1306e-14,0.001,0.0,2.5406580018107876e-17
501187.23,0.6,-3.4694000000000002e-18,-8.000660000000001e-14,0.001,0.0,2.540656486793575e-17
562341.33,0.6,-3.4694000000000002e-18,-8.976890000000001e-14,0.001,0.0,2.5406569655696562e-17
630957.3400000001,0.6,-3.4694000000000002e-18,-1.0072230000000001e-13,0.001,0.0,2.5406554307752107e-17
707945.78,0.6,-3.4694000000000002e-18,-1.130123e-13,0.001,0.0,2.5406558924871625e-17
794328.23,0.6,-3.4694000000000002e-18,-1.268019e-13,0.001,0.0,2.5406561691058375e-17
891250.9400000001,0.6,-3.4694000000000002e-18,-1.4227410000000003e-13,0.001,0.0,2.5406566515319053e-17
1000000.0,0.6,-3.4694000000000002e-18,-1.596342e-13,0.001,0.0,2.5406572016520242e-17
1122020.0,0.6,-3.4694000000000002e-18,-1.7911250000000004e-13,0.001,0.0,2.5406534415203924e-17
1258930.0,0.6,-3.4694000000000002e-18,-2.0096750000000002e-13,0.001,0.0,2.540647297770367e-17
1412540.0,0.6,-3.4694000000000002e-18,-2.2548920000000002e-13,0.001,0.0,2.5406516483665603e-17
1584890.0,0.6,-3.4694000000000002e-18,-2.530031e-13,0.001,0.0,2.5406617482962923e-17
1778280.0,0.6,-3.4694000000000002e-18,-2.8387410000000003e-13,0.001,0.0,2.5406553653397105e-17
1995260.0,0.6,-3.4694000000000002e-18,-3.18512e-13,0.001,0.0,2.540659324302886e-17
2238720.0,0.6,-3.4694000000000002e-18,-3.573763e-13,0.001,0.0,2.5406573706802156e-17
2511890.0,0.6,-3.4694000000000002e-18,-4.009829e-13,0.001,0.0,2.5406530791684015e-17
2818380.0,0.6,-3.4694000000000002e-18,-4.499102e-13,0.001,0.0,2.540659253807622e-17
3162280.0,0.6,-3.4694000000000002e-18,-5.048075e-13,0.001,0.0,2.5406544940632062e-17
3548130.0,0.6,-3.4694000000000002e-18,-5.664033e-13,0.001,0.0,2.5406590225995587e-17
3981070.0,0.6,-3.4694000000000002e-18,-6.35515e-13,0.001,0.0,2.540657503109613e-17
4466840.0,0.6,-3.4694000000000002e-18,-7.130596000000001e-13,0.001,0.0,2.5406542445919184e-17
5011870.0,0.6,-3.4694000000000002e-18,-8.000660000000001e-13,0.001,0.0,2.5406576527276316e-17
5623410.0,0.6,-3.4694000000000002e-18,-8.976888000000001e-13,0.001,0.0,2.5406578904656044e-17
6309570.0,0.6,-3.4694000000000002e-18,-1.0072e-12,0.001,0.0,2.540598783786486e-17
7079460.0,0.6,-3.4694000000000002e-18,-1.1301e-12,0.001,0.0,2.5406033961368653e-17
7943280.0,0.6,-3.4694000000000002e-18,-1.268e-12,0.001,0.0,2.5406188355505947e-17
8912510.0,0.6,-3.4694000000000002e-18,-1.4227e-12,0.001,0.0,2.5405832648360508e-17
10000000.0,0.6,-3.4694000000000002e-18,-1.5963e-12,0.001,0.0,2.5405903565759253e-17
11220180.0,0.6,-3.4694000000000002e-18,-1.7911e-12,0.001,0.0,2.540622508479309e-17
12589250.0,0.6,-3.4694000000000002e-18,-2.0097e-12,0.001,0.0,2.5406889936396692e-17
14125380.0,0.6,-3.4694000000000002e-18,-2.2549e-12,0.001,0.0,2.5406642594954247e-17
15848930.0,0.6,-3.4694000000000002e-18,-2.53e-12,0.001,0.0,2.5406258089504792e-17
17782790.0,0.6,-3.4694000000000002e-18,-2.8386999999999996e-12,0.001,0.0,2.540620099292424e-17
19952620.0,0.6,-3.4694000000000002e-18,-3.1851e-12,0.001,0.0,2.5406408243227997e-17
22387210.0,0.6,-3.4694000000000002e-18,-3.5738e-12,0.001,0.0,2.5406825398154373e-17
25118860.0,0.6,-3.4694000000000002e-18,-4.0098e-12,0.001,0.0,2.5406387503647936e-17
28183830.0,0.6,-3.4694000000000002e-18,-4.4991000000000005e-12,0.001,0.0,2.540655420021858e-17
31622780.0,0.6,-3.4694000000000002e-18,-5.0481e-12,0.001,0.0,2.5406686832156972e-17
35481340.0,0.6,-3.4694000000000002e-18,-5.663999999999999e-12,0.001,0.0,2.540641355914109e-17
39810720.0,0.6,-3.4694000000000002e-18,-6.3551e-12,0.001,0.0,2.540636237785461e-17
44668360.0,0.6,-3.4694000000000002e-18,-7.1306e-12,0.001,0.0,2.5406579449325407e-17
50118720.0,0.6,-3.4694000000000002e-18,-8.0007e-12,0.001,0.0,2.540669341107129e-17
56234130.0,0.6,-3.4694000000000002e-18,-8.9769e-12,0.001,0.0,2.5406599313293108e-17
63095730.0,0.6,-3.4694000000000002e-18,-1.00722e-11,0.001,0.0,2.540648024533813e-17
70794580.0,0.6,-3.4694000000000002e-18,-1.1301199999999999e-11,0.001,0.0,2.5406490763418998e-17
79432820.0,0.6,-3.4694000000000002e-18,-1.26802e-11,0.001,0.0,2.5406582687028498e-17
89125090.0,0.6,-3.4694000000000002e-18,-1.4227399999999999e-11,0.001,0.0,2.5406549798105468e-17
100000000.0,0.6,-3.4694000000000002e-18,-1.59634e-11,0.001,0.0,2.5406540185531623e-17
112201850.0,0.6,-3.4694000000000002e-18,-1.79112e-11,0.001,0.0,2.5406497457105708e-17
125892540.0,0.6,-4.1200000000000004e-18,-2.00967e-11,0.001,0.0,2.5406502600034065e-17
141253750.0,0.6,-4.1200000000000004e-18,-2.25489e-11,0.001,0.0,2.5406538915142706e-17
158489320.0,0.6,-4.1200000000000004e-18,-2.5300299999999998e-11,0.001,0.0,2.540655614339111e-17
177827940.0,0.6,-4.1200000000000004e-18,-2.83874e-11,0.001,0.0,2.5406553275749976e-17
199526230.0,0.6,-4.1200000000000004e-18,-3.18512e-11,0.001,0.0,2.5406563956070223e-17
223872110.0,0.6,-4.1200000000000004e-18,-3.57376e-11,0.001,0.0,2.5406539895661494e-17
251188640.0,0.6,-4.1200000000000004e-18,-4.0098300000000003e-11,0.001,0.0,2.5406573540036477e-17
281838290.0,0.6,-4.7705e-18,-4.4991e-11,0.001,0.0,2.5406555101677148e-17
316227770.0,0.6,-5.2042000000000004e-18,-5.04808e-11,0.001,0.0,2.5406588584023947e-17
354813390.0,0.6,-5.637900000000001e-18,-5.66403e-11,0.001,0.0,2.540654884306334e-17
398107170.0,0.6,-6.0715000000000004e-18,-6.355149999999999e-11,0.001,0.0,2.5406564181962823e-17
446683590.0,0.6,-6.722100000000001e-18,-7.1306e-11,0.001,0.0,2.5406580018107876e-17
501187230.0,0.6,-7.806300000000001e-18,-8.00066e-11,0.001,0.0,2.540656486793575e-17
562341330.0,0.6,-8.4568e-18,-8.97689e-11,0.001,0.0,2.5406569655696556e-17
630957340.0,0.6,-9.974700000000001e-18,-1.007223e-10,0.001,0.0,2.5406554307752107e-17
707945780.0,0.6,-1.19262e-17,-1.1301229999999999e-10,0.001,0.0,2.5406558924871622e-17
794328230.0,0.6,-1.4094600000000002e-17,-1.268019e-10,0.001,0.0,2.540656169105837e-17
891250940.0,0.6,-1.6263000000000004e-17,-1.422741e-10,0.001,0.0,2.5406566515319053e-17
1000000000.0,0.6,-1.9732500000000002e-17,-1.596342e-10,0.001,0.0,2.5406572016520236e-17
1122020000.0,0.6,-2.4503000000000003e-17,-1.791125e-10,0.001,0.0,2.5406534415203924e-17
1258930000.0,0.6,-2.9707100000000004e-17,-2.009675e-10,0.001,0.0,2.540647297770367e-17
1412540000.0,0.6,-3.6212400000000006e-17,-2.2548920000000002e-10,0.001,0.0,2.5406516483665603e-17
1584890000.0,0.6,-4.4886000000000006e-17,-2.5300309999999996e-10,0.001,0.0,2.5406617482962917e-17
1778280000.0,0.6,-5.551120000000001e-17,-2.838741e-10,0.001,0.0,2.5406553653397105e-17
1995260000.0,0.6,-6.87384e-17,-3.18512e-10,0.001,0.0,2.540659324302886e-17
2238720000.0,0.6,-8.58688e-17,-3.573763e-10,0.001,0.0,2.5406573706802153e-17
2511890000.0,0.6,-1.069023e-16,-4.009829e-10,0.001,0.0,2.5406530791684012e-17
2818380000.0,0.6,-1.342242e-16,-4.4991019999999996e-10,0.001,0.0,2.5406592538076214e-17
3162280000.0,0.6,-1.678345e-16,-5.048075e-10,0.001,0.0,2.540654494063206e-17
3548130000.0,0.6,-2.0990150000000002e-16,-5.664032999999999e-10,0.001,0.0,2.5406590225995584e-17
3981070000.0,0.6,-2.63678e-16,-6.35515e-10,0.001,0.0,2.5406575031096126e-17
4466840000.0,0.6,-3.3089850000000004e-16,-7.130596e-10,0.001,0.0,2.5406542445919184e-17
5011870000.0,0.6,-4.159e-16,-8.00066e-10,0.001,0.0,2.5406576527276313e-17
5623410000.0,0.6,-5.225854000000001e-16,-8.976888e-10,0.001,0.0,2.540657890465604e-17
6309570000.0,0.6,-6.572434e-16,-1.0072000000000002e-09,0.001,0.0,2.5405987837864865e-17
7079460000.0,0.6,-8.265957e-16,-1.1301000000000003e-09,0.001,0.0,2.5406033961368656e-17
7943280000.0,0.6,-1.0393e-15,-1.2680000000000002e-09,0.001,0.0,2.5406188355505953e-17
8912510000.0,0.6,-1.3078000000000003e-15,-1.4227000000000003e-09,0.001,0.0,2.540583264836051e-17
10000000000.0,0.6,-1.6452000000000002e-15,-1.5963000000000002e-09,0.001,0.0,2.540590356575926e-17
10.0,0.8,-7.3726e-18,-1.5688e-18,0.001,0.0,2.496822747225654e-17
11.22018,0.8,-7.3726e-18,-1.7602e-18,0.001,0.0,2.496791770099537e-17
12.58925,0.8,-7.3726e-18,-1.9750000000000003e-18,0.001,0.0,2.4968208003375368e-17
14.12538,0.8,-7.3726e-18,-2.2159000000000003e-18,0.001,0.0,2.4967217759616445e-17
15.84893,0.8,-7.3726e-18,-2.4863e-18,0.001,0.0,2.496742272250426e-17
17.78279,0.8,-7.3726e-18,-2.7897e-18,0.001,0.0,2.4967653823919668e-17
19.95262,0.8,-7.3726e-18,-3.1301000000000004e-18,0.001,0.0,2.4967692832918267e-17
22.38721,0.8,-7.3726e-18,-3.512e-18,0.001,0.0,2.4967477418523186e-17
25.11886,0.8,-7.3726e-18,-3.9406000000000004e-18,0.001,0.0,2.496793121773531e-17
28.18383,0.8,-7.3726e-18,-4.4214e-18,0.001,0.0,2.4967779942843328e-17
31.62278,0.8,-7.3726e-18,-4.9609e-18,0.001,0.0,2.4967816149768733e-17
35.48134,0.8,-7.3726e-18,-5.5662000000000005e-18,0.001,0.0,2.496772230806694e-17
39.81072,0.8,-7.3726e-18,-6.245400000000001e-18,0.001,0.0,2.4967804691453034e-17
44.66836,0.8,-7.3726e-18,-7.0074e-18,0.001,0.0,2.4967613501416833e-17
50.11872,0.8,-7.3726e-18,-7.862500000000001e-18,0.001,0.0,2.4967831182840007e-17
56.23413,0.8,-7.3726e-18,-8.8218e-18,0.001,0.0,2.49676322362964e-17
63.09573,0.8,-7.3726e-18,-9.8982e-18,0.001,0.0,2.4967576375012992e-17
70.79458,0.8,-7.3726e-18,-1.1106000000000001e-17,0.001,0.0,2.4967657100001017e-17
79.43282,0.8,-7.3726e-18,-1.24611e-17,0.001,0.0,2.496758470066173e-17
89.12509,0.8,-7.3726e-18,-1.3981600000000003e-17,0.001,0.0,2.496761296211476e-17
100.0,0.8,-7.3726e-18,-1.56877e-17,0.001,0.0,2.4967750007427264e-17
112.20185,0.8,-7.3726e-18,-1.76018e-17,0.001,0.0,2.4967622880682658e-17
125.89254,0.8,-7.3726e-18,-1.9749600000000002e-17,0.001,0.0,2.4967694385129542e-17
141.25375,0.8,-7.3726e-18,-2.2159400000000002e-17,0.001,0.0,2.4967677289633345e-17
158.48932,0.8,-7.3726e-18,-2.48633e-17,0.001,0.0,2.4967720831767854e-17
177.82794,0.8,-7.3726e-18,-2.7897e-17,0.001,0.0,2.4967648207782216e-17
199.52623,0.8,-7.3726e-18,-3.1301000000000003e-17,0.001,0.0,2.4967689078871568e-17
223.87211,0.8,-7.3726e-18,-3.5120300000000006e-17,0.001,0.0,2.4967689578975658e-17
251.18864,0.8,-7.3726e-18,-3.9405600000000005e-17,0.001,0.0,2.496767379887081e-17
281.83829,0.8,-7.3726e-18,-4.42138e-17,0.001,0.0,2.4967667888122804e-17
316.22777,0.8,-7.3726e-18,-4.96087e-17,0.001,0.0,2.4967667530789302e-17
354.81339,0.8,-7.3726e-18,-5.56619e-17,0.001,0.0,2.4967678155795556e-17
398.10717,0.8,-7.3726e-18,-6.24537e-17,0.001,0.0,2.4967686639198945e-17
446.68359,0.8,-7.3726e-18,-7.00742e-17,0.001,0.0,2.4967685321079503e-17
501.18723,0.8,-7.3726e-18,-7.86245e-17,0.001,0.0,2.496767091038757e-17
562.34133,0.8,-7.3726e-18,-8.82182e-17,0.001,0.0,2.4967687508704796e-17
630.95734,0.8,-7.3726e-18,-9.898240000000001e-17,0.001,0.0,2.4967675689610366e-17
707.94578,0.8,-7.3726e-18,-1.110601e-16,0.001,0.0,2.496768028658947e-17
794.32823,0.8,-7.3726e-18,-1.2461150000000002e-16,0.001,0.0,2.496768393979365e-17
891.25094,0.8,-7.3726e-18,-1.398164e-16,0.001,0.0,2.4967683271463003e-17
1000.0,0.8,-7.3726e-18,-1.568765e-16,0.001,0.0,2.496767042995572e-17
1122.02,0.8,-7.3726e-18,-1.7601840000000002e-16,0.001,0.0,2.496764624082144e-17
1258.93,0.8,-7.3726e-18,-1.9749580000000002e-16,0.001,0.0,2.4967577871595993e-17
1412.54,0.8,-7.3726e-18,-2.21594e-16,0.001,0.0,2.496763310030545e-17
1584.8899999999999,0.8,-7.3726e-18,-2.486325e-16,0.001,0.0,2.4967721033192004e-17
1778.28,0.8,-7.3726e-18,-2.789703e-16,0.001,0.0,2.4967666633392366e-17
1995.26,0.8,-7.3726e-18,-3.130098e-16,0.001,0.0,2.4967701906621468e-17
2238.72,0.8,-7.3726e-18,-3.5120280000000006e-16,0.001,0.0,2.496768762851733e-17
2511.8900000000003,0.8,-7.3726e-18,-3.94056e-16,0.001,0.0,2.4967638015605742e-17
2818.38,0.8,-7.3726e-18,-4.421381e-16,0.001,0.0,2.496769922588818e-17
3162.28,0.8,-7.3726e-18,-4.960871000000001e-16,0.001,0.0,2.496765440413986e-17
3548.13,0.8,-7.3726e-18,-5.566189000000001e-16,0.001,0.0,2.496770111393139e-17
3981.0699999999997,0.8,-7.3726e-18,-6.245367000000001e-16,0.001,0.0,2.496768530754298e-17
4466.84,0.8,-7.3726e-18,-7.007417000000001e-16,0.001,0.0,2.4967651714773312e-17
5011.87,0.8,-7.3726e-18,-7.862451e-16,0.001,0.0,2.4967685543875153e-17
5623.41,0.8,-7.3726e-18,-8.821815000000001e-16,0.001,0.0,2.4967688009450298e-17
6309.57,0.8,-7.3726e-18,-9.89824e-16,0.001,0.0,2.4967689143791453e-17
7079.46,0.8,-7.3726e-18,-1.1106000000000001e-15,0.001,0.0,2.4967650046452552e-17
7943.28,0.8,-7.3726e-18,-1.2461e-15,0.001,0.0,2.496739062286748e-17
8912.509999999998,0.8,-7.3726e-18,-1.3982000000000003e-15,0.001,0.0,2.496832445978609e-17
10000.0,0.8,-7.3726e-18,-1.5688000000000002e-15,0.001,0.0,2.4968227472256545e-17
11220.179999999998,0.8,-7.3726e-18,-1.7602e-15,0.001,0.0,2.4967917700995372e-17
12589.25,0.8,-7.3726e-18,-1.9750000000000003e-15,0.001,0.0,2.496820800337537e-17
14125.38,0.8,-7.3726e-18,-2.2159e-15,0.001,0.0,2.4967217759616442e-17
15848.929999999998,0.8,-7.3726e-18,-2.4863e-15,0.001,0.0,2.496742272250426e-17
17782.789999999997,0.8,-7.3726e-18,-2.7897e-15,0.001,0.0,2.496765382391967e-17
19952.62,0.8,-7.3726e-18,-3.1301000000000005e-15,0.001,0.0,2.496769283291827e-17
22387.21,0.8,-7.3726e-18,-3.5120000000000003e-15,0.001,0.0,2.496747741852319e-17
25118.86,0.8,-7.3726e-18,-3.9406e-15,0.001,0.0,2.4967931217735313e-17
28183.83,0.8,-7.3726e-18,-4.4214000000000004e-15,0.001,0.0,2.496777994284333e-17
31622.78,0.8,-7.3726e-18,-4.9609e-15,0.001,0.0,2.4967816149768733e-17
35481.340000000004,0.8,-7.3726e-18,-5.5662000000000004e-15,0.001,0.0,2.496772230806694e-17
39810.72,0.8,-7.3726e-18,-6.245400000000001e-15,0.001,0.0,2.4967804691453037e-17
44668.36,0.8,-7.3726e-18,-7.0074e-15,0.001,0.0,2.4967613501416833e-17
50118.72,0.8,-7.3726e-18,-7.8625e-15,0.001,0.0,2.496783118284001e-17
56234.13,0.8,-7.3726e-18,-8.8218e-15,0.001,0.0,2.4967632236296396e-17
63095.73,0.8,-7.3726e-18,-9.8982e-15,0.001,0.0,2.496757637501299e-17
70794.58,0.8,-7.3726e-18,-1.1106e-14,0.001,0.0,2.4967657100001014e-17
79432.82,0.8,-7.3726e-18,-1.24611e-14,0.001,0.0,2.496758470066173e-17
89125.09,0.8,-7.3726e-18,-1.3981600000000001e-14,0.001,0.0,2.4967612962114756e-17
100000.0,0.8,-7.3726e-18,-1.56877e-14,0.001,0.0,2.496775000742727e-17
112201.84999999999,0.8,-7.3726e-18,-1.7601800000000003e-14,0.001,0.0,2.4967622880682664e-17
125892.54,0.8,-7.3726e-18,-1.9749600000000004e-14,0.001,0.0,2.4967694385129545e-17
141253.75,0.8,-7.3726e-18,-2.2159400000000004e-14,0.001,0.0,2.4967677289633348e-17
158489.31999999998,0.8,-7.3726e-18,-2.48633e-14,0.001,0.0,2.496772083176786e-17
177827.94,0.8,-7.3726e-18,-2.7897e-14,0.001,0.0,2.496764820778222e-17
199526.23,0.8,-7.3726e-18,-3.1301e-14,0.001,0.0,2.4967689078871565e-17
223872.11,0.8,-7.3726e-18,-3.51203e-14,0.001,0.0,2.496768957897566e-17
251188.63999999998,0.8,-7.3726e-18,-3.94056e-14,0.001,0.0,2.496767379887081e-17
281838.29,0.8,-7.3726e-18,-4.4213800000000005e-14,0.001,0.0,2.4967667888122807e-17
316227.77,0.8,-7.3726e-18,-4.9608700000000003e-14,0.001,0.0,2.4967667530789306e-17
354813.39,0.8,-7.3726e-18,-5.5661900000000005e-14,0.001,0.0,2.4967678155795553e-17
398107.17,0.8,-7.3726e-18,-6.24537e-14,0.001,0.0,2.496768663919895e-17
446683.58999999997,0.8,-7.3726e-18,-7.007420000000001e-14,0.001,0.0,2.4967685321079503e-17
501187.23,0.8,-7.3726e-18,-7.862450000000001e-14,0.001,0.0,2.4967670910387574e-17
562341.33,0.8,-7.3726e-18,-8.82182e-14,0.001,0.0,2.4967687508704796e-17
630957.3400000001,0.8,-7.3726e-18,-9.898240000000001e-14,0.001,0.0,2.4967675689610363e-17
707945.78,0.8,-7.3726e-18,-1.1106010000000002e-13,0.001,0.0,2.4967680286589473e-17
794328.23,0.8,-7.3726e-18,-1.2461150000000002e-13,0.001,0.0,2.4967683939793654e-17
891250.9400000001,0.8,-7.3726e-18,-1.398164e-13,0.001,0.0,2.4967683271463e-17
1000000.0,0.8,-7.3726e-18,-1.568765e-13,0.001,0.0,2.496767042995572e-17
1122020.0,0.8,-7.3726e-18,-1.7601840000000003e-13,0.001,0.0,2.496764624082144e-17
1258930.0,0.8,-7.3726e-18,-1.9749580000000002e-13,0.001,0.0,2.4967577871595996e-17
1412540.0,0.8,-7.3726e-18,-2.21594e-13,0.001,0.0,2.496763310030545e-17
1584890.0,0.8,-7.3726e-18,-2.486325e-13,0.001,0.0,2.4967721033191998e-17
1778280.0,0.8,-7.3726e-18,-2.7897030000000004e-13,0.001,0.0,2.4967666633392363e-17
1995260.0,0.8,-7.3726e-18,-3.1300980000000003e-13,0.001,0.0,2.4967701906621464e-17
2238720.0,0.8,-7.3726e-18,-3.5120280000000006e-13,0.001,0.0,2.496768762851733e-17
2511890.0,0.8,-7.3726e-18,-3.94056e-13,0.001,0.0,2.4967638015605745e-17
2818380.0,0.8,-7.3726e-18,-4.4213810000000004e-13,0.001,0.0,2.4967699225888184e-17
3162280.0,0.8,-7.3726e-18,-4.960871000000001e-13,0.001,0.0,2.4967654404139864e-17
3548130.0,0.8,-7.3726e-18,-5.566189000000001e-13,0.001,0.0,2.4967701113931394e-17
3981070.0,0.8,-7.3726e-18,-6.245367e-13,0.001,0.0,2.4967685307542973e-17
4466840.0,0.8,-7.3726e-18,-7.007417000000001e-13,0.001,0.0,2.4967651714773305e-17
5011870.0,0.8,-7.3726e-18,-7.862451e-13,0.001,0.0,2.4967685543875153e-17
5623410.0,0.8,-7.3726e-18,-8.821815000000001e-13,0.001,0.0,2.49676880094503e-17
6309570.0,0.8,-7.3726e-18,-9.89824e-13,0.001,0.0,2.4967689143791447e-17
7079460.0,0.8,-7.3726e-18,-1.1106e-12,0.001,0.0,2.4967650046452546e-17
7943280.0,0.8,-7.3726e-18,-1.2461e-12,0.001,0.0,2.4967390622867475e-17
8912510.0,0.8,-7.3726e-18,-1.3982e-12,0.001,0.0,2.4968324459786085e-17
10000000.0,0.8,-7.3726e-18,-1.5688e-12,0.001,0.0,2.496822747225654e-17
11220180.0,0.8,-7.3726e-18,-1.7602e-12,0.001,0.0,2.4967917700995362e-17
12589250.0,0.8,-7.3726e-18,-1.975e-12,0.001,0.0,2.4968208003375365e-17
14125380.0,0.8,-7.3726e-18,-2.2159e-12,0.001,0.0,2.4967217759616442e-17
15848930.0,0.8,-7.3726e-18,-2.4863e-12,0.001,0.0,2.4967422722504256e-17
17782790.0,0.8,-7.3726e-18,-2.7896999999999997e-12,0.001,0.0,2.4967653823919665e-17
19952620.0,0.8,-7.3726e-18,-3.1301e-12,0.001,0.0,2.4967692832918264e-17
22387210.0,0.8,-7.3726e-18,-3.512e-12,0.001,0.0,2.4967477418523186e-17
25118860.0,0.8,-7.3726e-18,-3.9405999999999996e-12,0.001,0.0,2.496793121773531e-17
28183830.0,0.8,-7.3726e-18,-4.4214000000000005e-12,0.001,0.0,2.496777994284333e-17
31622780.0,0.8,-7.3726e-18,-4.960899999999999e-12,0.001,0.0,2.4967816149768724e-17
35481340.0,0.8,-7.3726e-18,-5.5662e-12,0.001,0.0,2.4967722308066942e-17
39810720.0,0.8,-7.3726e-18,-6.2454e-12,0.001,0.0,2.4967804691453034e-17
44668360.0,0.8,-7.3726e-18,-7.007399999999999e-12,0.001,0.0,2.4967613501416826e-17
50118720.0,0.8,-7.3726e-18,-7.8625e-12,0.001,0.0,2.496783118284e-17
56234130.0,0.8,-7.3726e-18,-8.8218e-12,0.001,0.0,2.49676322362964e-17
63095730.0,0.8,-7.3726e-18,-9.898199999999999e-12,0.001,0.0,2.4967576375012992e-17
70794580.0,0.8,-7.3726e-18,-1.1105999999999999e-11,0.001,0.0,2.4967657100001008e-17
79432820.0,0.8,-7.3726e-18,-1.24611e-11,0.001,0.0,2.4967584700661727e-17
89125090.0,0.8,-7.3726e-18,-1.39816e-11,0.001,0.0,2.4967612962114753e-17
100000000.0,0.8,-7.3726e-18,-1.56877e-11,0.001,0.0,2.4967750007427267e-17
112201850.0,0.8,-7.3726e-18,-1.76018e-11,0.001,0.0,2.496762288068266e-17
125892540.0,0.8,-7.806300000000001e-18,-1.97496e-11,0.001,0.0,2.4967694385129542e-17
141253750.0,0.8,-7.806300000000001e-18,-2.21594e-11,0.001,0.0,2.4967677289633342e-17
158489320.0,0.8,-7.806300000000001e-18,-2.4863299999999997e-11,0.001,0.0,2.496772083176785e-17
177827940.0,0.8,-7.806300000000001e-18,-2.7897e-11,0.001,0.0,2.4967648207782222e-17
199526230.0,0.8,-8.2399e-18,-3.1301e-11,0.001,0.0,2.4967689078871568e-17
223872110.0,0.8,-8.2399e-18,-3.51203e-11,0.001,0.0,2.4967689578975658e-17
251188640.0,0.8,-8.4568e-18,-3.9405599999999996e-11,0.001,0.0,2.4967673798870804e-17
281838290.0,0.8,-8.8905e-18,-4.42138e-11,0.001,0.0,2.49676678881228e-17
316227770.0,0.8,-9.3241e-18,-4.9608699999999996e-11,0.001,0.0,2.4967667530789302e-17
354813390.0,0.8,-9.7578e-18,-5.56619e-11,0.001,0.0,2.4967678155795562e-17
398107170.0,0.8,-9.974700000000001e-18,-6.245369999999999e-11,0.001,0.0,2.4967686639198945e-17
446683590.0,0.8,-1.10589e-17,-7.00742e-11,0.001,0.0,2.49676853210795e-17
501187230.0,0.8,-1.19262e-17,-7.86245e-11,0.001,0.0,2.496767091038757e-17
562341330.0,0.8,-1.2576700000000002e-17,-8.821819999999999e-11,0.001,0.0,2.4967687508704793e-17
630957340.0,0.8,-1.4094600000000002e-17,-9.898239999999999e-11,0.001,0.0,2.4967675689610366e-17
707945780.0,0.8,-1.5612500000000002e-17,-1.1106010000000001e-10,0.001,0.0,2.4967680286589473e-17
794328230.0,0.8,-1.77809e-17,-1.246115e-10,0.001,0.0,2.496768393979365e-17
891250940.0,0.8,-2.0383e-17,-1.3981639999999998e-10,0.001,0.0,2.4967683271463e-17
1000000000.0,0.8,-2.36356e-17,-1.568765e-10,0.001,0.0,2.4967670429955718e-17
1122020000.0,0.8,-2.81893e-17,-1.760184e-10,0.001,0.0,2.4967646240821444e-17
1258930000.0,0.8,-3.29597e-17,-1.974958e-10,0.001,0.0,2.4967577871595993e-17
1412540000.0,0.8,-3.9898600000000004e-17,-2.21594e-10,0.001,0.0,2.4967633100305446e-17
1584890000.0,0.8,-4.8572300000000005e-17,-2.4863249999999997e-10,0.001,0.0,2.4967721033191995e-17
1778280000.0,0.8,-5.91974e-17,-2.789703e-10,0.001,0.0,2.4967666633392363e-17
1995260000.0,0.8,-7.22079e-17,-3.130098e-10,0.001,0.0,2.496770190662146e-17
2238720000.0,0.8,-8.91214e-17,-3.512028e-10,0.001,0.0,2.496768762851732e-17
2511890000.0,0.8,-1.101549e-16,-3.94056e-10,0.001,0.0,2.4967638015605742e-17
2818380000.0,0.8,-1.3682630000000002e-16,-4.421381e-10,0.001,0.0,2.496769922588818e-17
3162280000.0,0.8,-1.697861e-16,-4.960871e-10,0.001,0.0,2.4967654404139858e-17
3548130000.0,0.8,-2.122868e-16,-5.566189e-10,0.001,0.0,2.496770111393139e-17
3981070000.0,0.8,-2.654127e-16,-6.245367e-10,0.001,0.0,2.4967685307542973e-17
4466840000.0,0.8,-3.31549e-16,-7.007417e-10,0.001,0.0,2.4967651714773305e-17
5011870000.0,0.8,-4.159e-16,-7.862450999999999e-10,0.001,0.0,2.496768554387515e-17
5623410000.0,0.8,-5.215012000000001e-16,-8.821815e-10,0.001,0.0,2.4967688009450295e-17
6309570000.0,0.8,-6.550750000000001e-16,-9.89824e-10,0.001,0.0,2.496768914379145e-17
7079460000.0,0.8,-8.224758000000001e-16,-1.1106e-09,0.001,0.0,2.496765004645255e-17
7943280000.0,0.8,-1.033e-15,-1.2461e-09,0.001,0.0,2.496739062286748e-17
8912510000.0,0.8,-1.2989e-15,-1.3982000000000002e-09,0.001,0.0,2.4968324459786088e-17
10000000000.0,0.8,-1.6335e-15,-1.5688e-09,0.001,0.0,2.4968227472256542e-17
